time;temperature at 2m;relative humidity;precipitation;wind_speed
2022-10-12-00-00;14;86;0;0.7
2022-10-12-00-10;14;86;0;0.4
2022-10-12-00-20;14.1;86;0;0.7
2022-10-12-00-30;14;86;0;0.6
2022-10-12-00-40;13.9;87;0;0.7
2022-10-12-00-50;13.8;87;0;0.9
2022-10-12-01-00;13.6;88;0;0.3
2022-10-12-01-10;13.4;88;0;0.6
2022-10-12-01-20;13.1;89;0;0.8
2022-10-12-01-30;13;89;0;1
2022-10-12-01-40;12.8;90;0;1
2022-10-12-01-50;12.7;90;0;1
2022-10-12-02-00;12.5;91;0;1.1
2022-10-12-02-10;12.4;92;0;1.3
2022-10-12-02-20;12.2;92;0;0.6
2022-10-12-02-30;11.9;92;0;0.4
2022-10-12-02-40;11.9;93;0;1
2022-10-12-02-50;11.8;93;0;0.6
2022-10-12-03-00;11.5;94;0;0.3
2022-10-12-03-10;11.3;94;0;0.3
2022-10-12-03-20;11;94;0;0.5
2022-10-12-03-30;10.9;94;0;0.5
2022-10-12-03-40;10.9;95;0;0.9
2022-10-12-03-50;10.7;96;0;0.3
2022-10-12-04-00;10.6;96;0;0.3
2022-10-12-04-10;10.5;96;0;0.7
2022-10-12-04-20;10.6;96;0;0.6
2022-10-12-04-30;10.6;96;0;0.6
2022-10-12-04-40;10.7;97;0;0.9
2022-10-12-04-50;10.8;98;0;0.5
2022-10-12-05-00;10.9;97;0;1
2022-10-12-05-10;10.9;98;0;1
2022-10-12-05-20;10.9;98;0;0.8
2022-10-12-05-30;10.8;98;0;0.6
2022-10-12-05-40;10.9;98;0;0.7
2022-10-12-05-50;10.9;98;0;0.9
2022-10-12-06-00;10.7;98;0;0.6
2022-10-12-06-10;10.7;98;0;0.3
2022-10-12-06-20;10.7;98;0;0.4
2022-10-12-06-30;10.8;98;0;0.8
2022-10-12-06-40;10.8;98;0;0.8
2022-10-12-06-50;10.9;99;0;0.5
2022-10-12-07-00;10.6;98;0;0.9
2022-10-12-07-10;10.5;98;0;1.1
2022-10-12-07-20;10.4;97;0;1
2022-10-12-07-30;10.6;97;0;1.1
2022-10-12-07-40;10.7;97;0;1.2
2022-10-12-07-50;10.7;97;0;1.4
2022-10-12-08-00;10.7;97;0;1.3
2022-10-12-08-10;10.8;97;0;1.2
2022-10-12-08-20;10.8;97;0;1.3
2022-10-12-08-30;10.7;97;0;1.1
2022-10-12-08-40;10.8;97;0;0.6
2022-10-12-08-50;11;97;0;1.2
2022-10-12-09-00;11.1;96;0;0.9
2022-10-12-09-10;11.3;95;0;0.6
2022-10-12-09-20;11.4;93;0;1.4
2022-10-12-09-30;11.4;92;0;1.2
2022-10-12-09-40;11.7;91;0;1
2022-10-12-09-50;12.5;87;0;0.7
2022-10-12-10-00;13.1;83;0;0.8
2022-10-12-10-10;13.6;81;0;0.9
2022-10-12-10-20;14.5;77;0;1.1
2022-10-12-10-30;14.7;76;0;0.7
2022-10-12-10-40;15.3;74;0;0.5
2022-10-12-10-50;15.9;71;0;1.2
2022-10-12-11-00;16.3;69;0;0.8
2022-10-12-11-10;16.1;69;0;0.7
2022-10-12-11-20;16.3;69;0;0.8
2022-10-12-11-30;16.2;69;0;1
2022-10-12-11-40;16.8;68;0;0.7
2022-10-12-11-50;17.4;63;0;1.2
2022-10-12-12-00;17.6;63;0;1.3
2022-10-12-12-10;17.8;62;0;0.8
2022-10-12-12-20;17.7;63;0;1.3
2022-10-12-12-30;18.1;60;0;1.3
2022-10-12-12-40;18.5;58;0;2.3
2022-10-12-12-50;18.5;58;0;1.9
2022-10-12-13-00;18.9;57;0;1.6
2022-10-12-13-10;19.2;57;0;1.3
2022-10-12-13-20;18.9;56;0;1.4
2022-10-12-13-30;18.7;58;0;1.1
2022-10-12-13-40;18.7;56;0;1.1
2022-10-12-13-50;19;57;0;1
2022-10-12-14-00;19.1;57;0;1.3
2022-10-12-14-10;19.3;55;0;1.5
2022-10-12-14-20;19;56;0;1.2
2022-10-12-14-30;19.5;55;0;1.9
2022-10-12-14-40;19.5;54;0;1.5
2022-10-12-14-50;19.5;55;0;1.9
2022-10-12-15-00;19.5;53;0;1.7
2022-10-12-15-10;19.4;55;0;1.5
2022-10-12-15-20;19.4;54;0;1.4
2022-10-12-15-30;19.7;52;0;1.7
2022-10-12-15-40;19.6;53;0;1
2022-10-12-15-50;19.7;53;0;1.4
2022-10-12-16-00;19.4;54;0;1.9
2022-10-12-16-10;18.9;56;0;1.4
2022-10-12-16-20;18.6;58;0;1.6
2022-10-12-16-30;18.3;59;0;1.6
2022-10-12-16-40;18.1;60;0;1.6
2022-10-12-16-50;17.8;61;0;1.3
2022-10-12-17-00;17.4;63;0;1.3
2022-10-12-17-10;17.1;64;0;1.3
2022-10-12-17-20;16.8;65;0;1.7
2022-10-12-17-30;16.6;66;0;1.3
2022-10-12-17-40;16.5;67;0;1.2
2022-10-12-17-50;16.3;68;0;1.5
2022-10-12-18-00;16.2;69;0;1.2
2022-10-12-18-10;16.1;70;0;1.1
2022-10-12-18-20;15.8;71;0;0.8
2022-10-12-18-30;15.5;73;0;0.6
2022-10-12-18-40;15.1;74;0;0.5
2022-10-12-18-50;14.7;76;0;1
2022-10-12-19-00;14.4;78;0;0.6
2022-10-12-19-10;14.2;79;0;0.5
2022-10-12-19-20;13.9;81;0;0.3
2022-10-12-19-30;13.6;83;0;0.4
2022-10-12-19-40;13.4;84;0;0.7
2022-10-12-19-50;13.1;85;0;0.6
2022-10-12-20-00;13;86;0;0.8
2022-10-12-20-10;13;86;0;1.2
2022-10-12-20-20;12.9;86;0;1.2
2022-10-12-20-30;12.7;87;0;1.2
2022-10-12-20-40;12.5;88;0;0.8
2022-10-12-20-50;12.3;89;0;0.3
2022-10-12-21-00;12;90;0;0.3
2022-10-12-21-10;12;90;0;0.8
2022-10-12-21-20;11.9;91;0;0.6
2022-10-12-21-30;11.8;91;0;0.8
2022-10-12-21-40;11.7;92;0;0.4
2022-10-12-21-50;11.6;92;0;0.4
2022-10-12-22-00;11.6;92;0;0.7
2022-10-12-22-10;11.5;92;0;0.4
2022-10-12-22-20;11.4;92;0;0.5
2022-10-12-22-30;11.3;93;0;0.5
2022-10-12-22-40;11.1;93;0;0.4
2022-10-12-22-50;10.9;94;0;0.5
2022-10-12-23-00;10.8;94;0;0.5
2022-10-12-23-10;10.8;95;0;0.5
2022-10-12-23-20;10.6;95;0;0.5
2022-10-12-23-30;10.5;95;0;0.3
2022-10-12-23-40;10.3;95;0;0.3
2022-10-12-23-50;10.3;95;0;0.4
2022-10-13-00-00;10.4;95;0;0.9
2022-10-13-00-10;10.4;96;0;0.6
2022-10-13-00-20;10.3;96;0;0.4
2022-10-13-00-30;10.3;95;0;0.7
2022-10-13-00-40;10;96;0;0.5
2022-10-13-00-50;10;96;0;0.3
2022-10-13-01-00;9.8;96;0;0.6
2022-10-13-01-10;9.9;96;0;0.5
2022-10-13-01-20;9.9;96;0;0.6
2022-10-13-01-30;9.7;97;0;0.6
2022-10-13-01-40;9.7;96;0;0.6
2022-10-13-01-50;9.8;96;0;0.7
2022-10-13-02-00;9.6;96;0;1
2022-10-13-02-10;9.6;97;0;0.9
2022-10-13-02-20;9.6;97;0;0.8
2022-10-13-02-30;9.6;98;0;0.5
2022-10-13-02-40;9.6;98;0;0.8
2022-10-13-02-50;9.7;97;0;0.5
2022-10-13-03-00;9.8;97;0;0.4
2022-10-13-03-10;9.8;98;0;0.6
2022-10-13-03-20;9.8;98;0;0.4
2022-10-13-03-30;9.9;98;0;0.4
2022-10-13-03-40;10;98;0;0.7
2022-10-13-03-50;9.9;98;0;0.6
2022-10-13-04-00;9.9;98;0;0.5
2022-10-13-04-10;9.8;98;0;0.6
2022-10-13-04-20;9.8;98;0;0.6
2022-10-13-04-30;9.8;98;0;0.6
2022-10-13-04-40;9.7;98;0;1.1
2022-10-13-04-50;9.7;98;0;1.1
2022-10-13-05-00;9.7;98;0;0.8
2022-10-13-05-10;9.7;99;0;0.8
2022-10-13-05-20;9.6;98;0;0.8
2022-10-13-05-30;9.5;98;0;0.8
2022-10-13-05-40;9.5;98;0;0.6
2022-10-13-05-50;9.5;98;0;1
2022-10-13-06-00;9.5;99;0;0.9
2022-10-13-06-10;9.5;99;0;0.8
2022-10-13-06-20;9.5;99;0;1
2022-10-13-06-30;9.4;99;0;0.8
2022-10-13-06-40;9.4;99;0;1
2022-10-13-06-50;9.4;99;0;1.3
2022-10-13-07-00;9.3;99;0;1.3
2022-10-13-07-10;9.2;99;0;1
2022-10-13-07-20;9.2;99;0;1.2
2022-10-13-07-30;9.2;99;0;1
2022-10-13-07-40;9.3;99;0;1
2022-10-13-07-50;9.4;99;0;1
2022-10-13-08-00;9.3;99;0;1.5
2022-10-13-08-10;9.3;99;0;1.2
2022-10-13-08-20;9.3;99;0;1.1
2022-10-13-08-30;9.4;99;0;1.2
2022-10-13-08-40;9.3;99;0;0.6
2022-10-13-08-50;9.4;99;0;0.5
2022-10-13-09-00;9.5;99;0;0.4
2022-10-13-09-10;9.7;99;0;0.6
2022-10-13-09-20;9.8;99;0;0.6
2022-10-13-09-30;9.9;98;0;0.7
2022-10-13-09-40;10;98;0;0.7
2022-10-13-09-50;10.2;98;0;1
2022-10-13-10-00;10.4;97;0;0.7
2022-10-13-10-10;10.4;97;0;0.8
2022-10-13-10-20;10.8;95;0;0.8
2022-10-13-10-30;11.3;93;0;1
2022-10-13-10-40;11.8;89;0;0.8
2022-10-13-10-50;12.5;86;0;0.7
2022-10-13-11-00;13.4;82;0;0.7
2022-10-13-11-10;13.9;79;0;0.9
2022-10-13-11-20;14;78;0;1.3
2022-10-13-11-30;14.5;76;0;1.2
2022-10-13-11-40;14.8;76;0;1.1
2022-10-13-11-50;14.8;75;0;1
2022-10-13-12-00;15.4;74;0;1.3
2022-10-13-12-10;15.6;74;0;1.3
2022-10-13-12-20;16;73;0;1.3
2022-10-13-12-30;16.1;72;0;1.2
2022-10-13-12-40;16.3;71;0;1.7
2022-10-13-12-50;16.6;69;0;1.4
2022-10-13-13-00;16.8;69;0;1
2022-10-13-13-10;17.3;67;0;1.2
2022-10-13-13-20;17.6;65;0;1.3
2022-10-13-13-30;18;64;0;1.4
2022-10-13-13-40;18.1;63;0;1.6
2022-10-13-13-50;18.1;62;0;1.4
2022-10-13-14-00;18.2;62;0;1.9
2022-10-13-14-10;17.9;62;0;1.5
2022-10-13-14-20;18.1;62;0;0.8
2022-10-13-14-30;18.4;61;0;0.9
2022-10-13-14-40;19.3;57;0;0.8
2022-10-13-14-50;19.3;55;0;1.1
2022-10-13-15-00;19.3;56;0;1.7
2022-10-13-15-10;19.2;56;0;1.9
2022-10-13-15-20;19.2;54;0;1.6
2022-10-13-15-30;18.7;56;0;1.7
2022-10-13-15-40;18.8;56;0;1.7
2022-10-13-15-50;18.8;56;0;1.6
2022-10-13-16-00;18.6;56;0;1.2
2022-10-13-16-10;18.3;57;0;1.4
2022-10-13-16-20;18;58;0;1.3
2022-10-13-16-30;17.5;61;0;1.1
2022-10-13-16-40;17.2;62;0;1
2022-10-13-16-50;16.8;64;0;0.9
2022-10-13-17-00;16.5;65;0;0.8
2022-10-13-17-10;16.1;67;0;0.9
2022-10-13-17-20;15.8;68;0;0.7
2022-10-13-17-30;15.6;70;0;0.9
2022-10-13-17-40;15.2;71;0;0.8
2022-10-13-17-50;14.9;73;0;0.7
2022-10-13-18-00;14.5;74;0;0.5
2022-10-13-18-10;14.3;76;0;1
2022-10-13-18-20;14.2;78;0;0.8
2022-10-13-18-30;13.9;79;0;0.8
2022-10-13-18-40;13.7;81;0;0.7
2022-10-13-18-50;13.6;82;0;0.8
2022-10-13-19-00;13.6;82;0;1.2
2022-10-13-19-10;13.4;83;0;1.1
2022-10-13-19-20;13.3;83;0;1.1
2022-10-13-19-30;13.1;83;0;0.9
2022-10-13-19-40;12.9;84;0;0.6
2022-10-13-19-50;12.7;85;0;0.6
2022-10-13-20-00;12.5;86;0;0.7
2022-10-13-20-10;12.3;87;0;0.3
2022-10-13-20-20;12.2;88;0;0.7
2022-10-13-20-30;12.1;89;0;0.7
2022-10-13-20-40;11.9;89;0;1.2
2022-10-13-20-50;11.9;90;0;1.1
2022-10-13-21-00;12;89;0;0.6
2022-10-13-21-10;12;89;0;0.9
2022-10-13-21-20;11.8;90;0;1.2
2022-10-13-21-30;11.6;91;0;0.5
2022-10-13-21-40;11.4;91;0;0.5
2022-10-13-21-50;11.2;92;0;0.7
2022-10-13-22-00;10.9;92;0;0.3
2022-10-13-22-10;10.7;93;0;0.3
2022-10-13-22-20;10.8;93;0;1
2022-10-13-22-30;10.8;94;0;0.8
2022-10-13-22-40;10.7;94;0;0.5
2022-10-13-22-50;10.5;94;0;1
2022-10-13-23-00;10.7;94;0;1.3
2022-10-13-23-10;10.7;94;0;0.9
2022-10-13-23-20;10.7;94;0;0.6
2022-10-13-23-30;10.5;94;0;0.6
2022-10-13-23-40;10.4;95;0;0.5
2022-10-13-23-50;10.3;95;0;0.6
2022-10-14-00-00;10.3;95;0;1
2022-10-14-00-10;10.3;95;0;1.3
2022-10-14-00-20;10.2;95;0;0.4
2022-10-14-00-30;10.2;95;0;0.6
2022-10-14-00-40;10.4;95;0;0.8
2022-10-14-00-50;10.5;95;0;0.6
2022-10-14-01-00;10.7;94;0;0.5
2022-10-14-01-10;10.8;93;0;1
2022-10-14-01-20;10.8;94;0;0.9
2022-10-14-01-30;10.9;93;0;0.8
2022-10-14-01-40;11;92;0;1.1
2022-10-14-01-50;11;93;0;0.5
2022-10-14-02-00;11;92;0;0.8
2022-10-14-02-10;10.9;92;0;0.9
2022-10-14-02-20;10.9;93;0;0.9
2022-10-14-02-30;10.8;93;0;0.4
2022-10-14-02-40;10.8;93;0;0.3
2022-10-14-02-50;10.9;93;0;0.7
2022-10-14-03-00;10.9;92;0;1
2022-10-14-03-10;10.9;92;0;0.7
2022-10-14-03-20;10.6;92;0;0.5
2022-10-14-03-30;10.4;93;0;0.5
2022-10-14-03-40;10.2;93;0;0.8
2022-10-14-03-50;10.3;94;0;1.1
2022-10-14-04-00;10;94;0;0.4
2022-10-14-04-10;9.8;95;0;0.7
2022-10-14-04-20;9.7;95;0;0.7
2022-10-14-04-30;9.7;96;0;1
2022-10-14-04-40;10;95;0;1.5
2022-10-14-04-50;10.1;96;0;0.8
2022-10-14-05-00;10.1;95;0;1.2
2022-10-14-05-10;9.9;95;0;1.1
2022-10-14-05-20;9.9;95;0;1
2022-10-14-05-30;9.9;96;0;1
2022-10-14-05-40;9.9;95;0;0.6
2022-10-14-05-50;10;95;0;0.8
2022-10-14-06-00;10;95;0;0.8
2022-10-14-06-10;10.1;95;0;0.7
2022-10-14-06-20;10.2;95;0;1
2022-10-14-06-30;10.2;95;0;0.8
2022-10-14-06-40;10.1;95;0;1.3
2022-10-14-06-50;9.9;96;0;0.8
2022-10-14-07-00;9.9;96;0;1
2022-10-14-07-10;9.9;96;0;0.9
2022-10-14-07-20;9.9;96;0;1.2
2022-10-14-07-30;9.8;95;0;0.8
2022-10-14-07-40;9.9;95;0;1
2022-10-14-07-50;10;95;0;1.2
2022-10-14-08-00;10.1;95;0;1.3
2022-10-14-08-10;10.2;94;0;1
2022-10-14-08-20;10.3;94;0;1.5
2022-10-14-08-30;10.3;94;0;1.2
2022-10-14-08-40;10.5;93;0;1.2
2022-10-14-08-50;10.7;93;0;1.5
2022-10-14-09-00;10.9;92;0;1.4
2022-10-14-09-10;11;90;0;1.1
2022-10-14-09-20;11.2;90;0;0.9
2022-10-14-09-30;11.6;88;0;1.5
2022-10-14-09-40;12.2;84;0;1.2
2022-10-14-09-50;12.9;81;0;1.8
2022-10-14-10-00;13.3;77;0;1.5
2022-10-14-10-10;14.2;74;0;1.2
2022-10-14-10-20;14.5;73;0;1
2022-10-14-10-30;14.8;72;0;1.1
2022-10-14-10-40;15.3;71;0;0.9
2022-10-14-10-50;15.5;70;0;0.8
2022-10-14-11-00;15.7;70;0;1.2
2022-10-14-11-10;15.7;71;0;0.9
2022-10-14-11-20;16.3;69;0;0.9
2022-10-14-11-30;16.5;68;0;1.2
2022-10-14-11-40;17;65;0;1.1
2022-10-14-11-50;17.3;63;0;1.2
2022-10-14-12-00;17.7;63;0;1.5
2022-10-14-12-10;17.6;62;0;1.1
2022-10-14-12-20;18;61;0;1.6
2022-10-14-12-30;18;60;0;1.8
2022-10-14-12-40;18.1;59;0;1.9
2022-10-14-12-50;18.2;59;0;2
2022-10-14-13-00;18.1;59;0;1.4
2022-10-14-13-10;18.3;58;0;2.1
2022-10-14-13-20;18.4;58;0;1.3
2022-10-14-13-30;18.7;58;0;1.2
2022-10-14-13-40;19.3;55;0;1.4
2022-10-14-13-50;19.2;55;0;0.9
2022-10-14-14-00;19.5;53;0;1.3
2022-10-14-14-10;19.9;52;0;1.4
2022-10-14-14-20;19.8;52;0;1.4
2022-10-14-14-30;19.5;54;0;1.8
2022-10-14-14-40;19.4;55;0;1.6
2022-10-14-14-50;19.4;55;0;2.2
2022-10-14-15-00;19.4;54;0;1.2
2022-10-14-15-10;19.4;55;0;1.1
2022-10-14-15-20;19.4;54;0;1.3
2022-10-14-15-30;19.4;52;0;1.6
2022-10-14-15-40;19.3;53;0;1.9
2022-10-14-15-50;19.2;53;0;1.2
2022-10-14-16-00;19;54;0;1.4
2022-10-14-16-10;18.7;55;0;1.3
2022-10-14-16-20;18.4;57;0;1.4
2022-10-14-16-30;18;58;0;1.5
2022-10-14-16-40;17.7;60;0;1.3
2022-10-14-16-50;17.5;61;0;1.3
2022-10-14-17-00;17.2;63;0;1.1
2022-10-14-17-10;16.8;66;0;1
2022-10-14-17-20;16.6;67;0;1
2022-10-14-17-30;16.3;69;0;1
2022-10-14-17-40;16;71;0;0.9
2022-10-14-17-50;15.6;72;0;1.2
2022-10-14-18-00;15.3;74;0;1.3
2022-10-14-18-10;14.9;75;0;1.1
2022-10-14-18-20;14.5;77;0;0.9
2022-10-14-18-30;14.2;79;0;0.3
2022-10-14-18-40;14;80;0;0.3
2022-10-14-18-50;13.9;81;0;0.6
2022-10-14-19-00;13.8;82;0;0.5
2022-10-14-19-10;13.9;81;0;0.7
2022-10-14-19-20;14;81;0;1.2
2022-10-14-19-30;13.9;81;0;1
2022-10-14-19-40;13.9;82;0;1.1
2022-10-14-19-50;13.7;83;0;1
2022-10-14-20-00;13.5;83;0;1.3
2022-10-14-20-10;13.4;84;0;0.5
2022-10-14-20-20;13.2;85;0;1
2022-10-14-20-30;12.9;86;0;0.6
2022-10-14-20-40;12.7;87;0;0.7
2022-10-14-20-50;12.4;88;0;0.6
2022-10-14-21-00;12.1;89;0;0.4
2022-10-14-21-10;12;90;0;0.8
2022-10-14-21-20;11.9;90;0;1.2
2022-10-14-21-30;11.8;91;0;0.8
2022-10-14-21-40;11.8;91;0;0.8
2022-10-14-21-50;11.7;91;0;1
2022-10-14-22-00;11.5;92;0;0.6
2022-10-14-22-10;11.5;92;0;0.6
2022-10-14-22-20;11.4;93;0;0.8
2022-10-14-22-30;11.1;93;0;0.3
2022-10-14-22-40;10.9;93;0;0.4
2022-10-14-22-50;10.8;94;0;0.9
2022-10-14-23-00;10.7;94;0;0.5
2022-10-14-23-10;10.7;94;0;0.4
2022-10-14-23-20;10.6;95;0;0.5
2022-10-14-23-30;10.5;95;0;0.7
2022-10-14-23-40;10.5;95;0;0.8
2022-10-14-23-50;10.4;95;0;0.7
2022-10-15-00-00;10.2;95;0;0.5
2022-10-15-00-10;10.1;95;0;0.4
2022-10-15-00-20;9.9;95;0;0.4
2022-10-15-00-30;10;95;0;0.6
2022-10-15-00-40;9.9;96;0;0.2
2022-10-15-00-50;9.7;96;0;0.6
2022-10-15-01-00;9.9;95;0;0.7
2022-10-15-01-10;10;96;0;0.4
2022-10-15-01-20;10;96;0;0.4
2022-10-15-01-30;10.1;96;0;0.7
2022-10-15-01-40;10.2;96;0;0.4
2022-10-15-01-50;10.3;96;0;0.4
2022-10-15-02-00;10.4;96;0;0.8
2022-10-15-02-10;10.4;96;0;1
2022-10-15-02-20;10.3;95;0;0.4
2022-10-15-02-30;10.1;95;0;0.7
2022-10-15-02-40;9.7;95;0;0.8
2022-10-15-02-50;9.4;95;0;0.7
2022-10-15-03-00;9;96;0;0.8
2022-10-15-03-10;8.9;96;0;0.5
2022-10-15-03-20;8.9;97;0;0.9
2022-10-15-03-30;8.9;98;0;0.7
2022-10-15-03-40;9.1;97;0;0.5
2022-10-15-03-50;9.3;98;0;0.8
2022-10-15-04-00;9.4;97;0;0.4
2022-10-15-04-10;9.4;98;0;0.4
2022-10-15-04-20;9.5;97;0;0.7
2022-10-15-04-30;9.5;98;0;0.6
2022-10-15-04-40;9.6;97;0;0.8
2022-10-15-04-50;9.6;98;0;0.4
2022-10-15-05-00;9.7;97;0;0.4
2022-10-15-05-10;9.7;98;0;0.5
2022-10-15-05-20;9.7;98;0;0.4
2022-10-15-05-30;9.7;98;0;0.6
2022-10-15-05-40;9.8;98;0;0.9
2022-10-15-05-50;9.9;98;0;0.8
2022-10-15-06-00;9.9;98;0;0.8
2022-10-15-06-10;9.9;97;0;0.4
2022-10-15-06-20;10;98;0;0.6
2022-10-15-06-30;10;97;0;0.5
2022-10-15-06-40;10.1;98;0;0.6
2022-10-15-06-50;10.1;97;0;0.6
2022-10-15-07-00;10.1;97;0;0.4
2022-10-15-07-10;10.2;97;0;0.8
2022-10-15-07-20;10.2;97;0;1.3
2022-10-15-07-30;10.1;97;0;1.1
2022-10-15-07-40;10;97;0;1.4
2022-10-15-07-50;10.1;98;0;1.1
2022-10-15-08-00;10.1;98;0;0.8
2022-10-15-08-10;10.2;98;0;0.5
2022-10-15-08-20;10.3;98;0;0.8
2022-10-15-08-30;10.3;98;0;0.5
2022-10-15-08-40;10.4;98;0;0.4
2022-10-15-08-50;10.6;97;0;0.5
2022-10-15-09-00;10.7;97;0.1;0.5
2022-10-15-09-10;10.8;97;0.1;0.5
2022-10-15-09-20;10.9;97;0.1;0.6
2022-10-15-09-30;11.2;96;0;0.8
2022-10-15-09-40;11.5;95;0;0.6
2022-10-15-09-50;11.8;92;0;0.7
2022-10-15-10-00;12.3;90;0;0.9
2022-10-15-10-10;12.7;87;0;1
2022-10-15-10-20;13;86;0;0.6
2022-10-15-10-30;13.2;86;0;1.1
2022-10-15-10-40;13.2;86;0;1.4
2022-10-15-10-50;13.4;86;0;1.5
2022-10-15-11-00;13.5;85;0;1.5
2022-10-15-11-10;13.8;84;0;1.6
2022-10-15-11-20;13.9;83;0;1.5
2022-10-15-11-30;14;82;0;1.4
2022-10-15-11-40;14.2;82;0;1.2
2022-10-15-11-50;14.4;81;0;1.3
2022-10-15-12-00;14.5;81;0;1.1
2022-10-15-12-10;14.6;80;0;1.5
2022-10-15-12-20;14.8;78;0;1.1
2022-10-15-12-30;15.1;78;0;0.8
2022-10-15-12-40;15.3;76;0;0.9
2022-10-15-12-50;15.5;75;0;0.8
2022-10-15-13-00;15.8;74;0;0.9
2022-10-15-13-10;15.9;74;0;1
2022-10-15-13-20;16;74;0;0.9
2022-10-15-13-30;16.2;74;0;1.1
2022-10-15-13-40;16.2;73;0;0.7
2022-10-15-13-50;16.4;73;0;1
2022-10-15-14-00;16.7;72;0;0.5
2022-10-15-14-10;16.9;71;0;1
2022-10-15-14-20;17.1;70;0;0.9
2022-10-15-14-30;17;71;0;1.6
2022-10-15-14-40;17.2;71;0;0.9
2022-10-15-14-50;17.3;70;0;0.9
2022-10-15-15-00;17.3;71;0;1.1
2022-10-15-15-10;17.4;71;0;1.1
2022-10-15-15-20;17.5;69;0;1.1
2022-10-15-15-30;17.6;70;0;1.1
2022-10-15-15-40;17.6;70;0;1.4
2022-10-15-15-50;17.6;71;0;0.8
2022-10-15-16-00;17.6;71;0;0.8
2022-10-15-16-10;17.6;71;0;1.1
2022-10-15-16-20;17.6;71;0;0.9
2022-10-15-16-30;17.7;70;0;0.8
2022-10-15-16-40;17.7;71;0;1.5
2022-10-15-16-50;17.5;73;0;1.6
2022-10-15-17-00;17.1;75;0;1.5
2022-10-15-17-10;16.8;76;0;0.7
2022-10-15-17-20;16.4;77;0;0.7
2022-10-15-17-30;16;80;0;0.9
2022-10-15-17-40;15.6;82;0;0.9
2022-10-15-17-50;15.2;83;0;0.6
2022-10-15-18-00;14.8;85;0;0.5
2022-10-15-18-10;14.6;86;0;0.4
2022-10-15-18-20;14.2;88;0;0.3
2022-10-15-18-30;14;89;0;0.7
2022-10-15-18-40;13.7;90;0;0.8
2022-10-15-18-50;13.5;91;0;0.8
2022-10-15-19-00;13.5;91;0;0.8
2022-10-15-19-10;13.6;92;0;1.1
2022-10-15-19-20;13.6;91;0;1.2
2022-10-15-19-30;13.3;92;0;0.7
2022-10-15-19-40;13.2;93;0;0.9
2022-10-15-19-50;13;93;0;0.5
2022-10-15-20-00;12.8;93;0;0.3
2022-10-15-20-10;12.6;94;0;0.4
2022-10-15-20-20;12.5;94;0;0.5
2022-10-15-20-30;12.5;95;0;0.4
2022-10-15-20-40;12.3;95;0;0.2
2022-10-15-20-50;12.1;95;0;0.5
2022-10-15-21-00;12.1;95;0;0.8
2022-10-15-21-10;12;96;0;0.9
2022-10-15-21-20;11.8;96;0;0.5
2022-10-15-21-30;11.6;96;0;0.8
2022-10-15-21-40;11.6;96;0;0.7
2022-10-15-21-50;11.4;96;0;0.6
2022-10-15-22-00;11.6;96;0;0.7
2022-10-15-22-10;11.6;97;0;0.5
2022-10-15-22-20;11.4;96;0;0.8
2022-10-15-22-30;11.4;96;0;0.6
2022-10-15-22-40;11.4;97;0;0.9
2022-10-15-22-50;11.2;97;0;0.9
2022-10-15-23-00;11.2;96;0;1
2022-10-15-23-10;11;97;0;0.6
2022-10-15-23-20;10.8;97;0;0.5
2022-10-15-23-30;10.8;96;0;0.5
2022-10-15-23-40;10.6;96;0;0.6
2022-10-15-23-50;10.7;97;0;0.5
2022-10-16-00-00;10.4;97;0;0.5
2022-10-16-00-10;10.2;97;0;0.5
2022-10-16-00-20;10.2;97;0;0.4
2022-10-16-00-30;10.2;97;0;0.7
2022-10-16-00-40;10.2;97;0;0.9
2022-10-16-00-50;10.1;96;0;0.9
2022-10-16-01-00;10;97;0;0.5
2022-10-16-01-10;9.7;97;0;0.4
2022-10-16-01-20;9.7;96;0;0.6
2022-10-16-01-30;9.6;97;0;0.7
2022-10-16-01-40;9.7;97;0;0.6
2022-10-16-01-50;9.6;97;0;0.6
2022-10-16-02-00;9.5;97;0;0.6
2022-10-16-02-10;9.4;98;0;0.9
2022-10-16-02-20;9.4;98;0;0.6
2022-10-16-02-30;9.5;98;0;0.6
2022-10-16-02-40;9.5;98;0;0.6
2022-10-16-02-50;9.3;98;0;0.5
2022-10-16-03-00;9.3;99;0;0.5
2022-10-16-03-10;9.4;99;0;0.9
2022-10-16-03-20;9.4;99;0;0.4
2022-10-16-03-30;9.4;98;0;0.6
2022-10-16-03-40;9.4;99;0;0.4
2022-10-16-03-50;9.3;99;0;0.4
2022-10-16-04-00;9.3;99;0;0.5
2022-10-16-04-10;9.3;99;0;0.8
2022-10-16-04-20;9.2;98;0;0.7
2022-10-16-04-30;9.1;99;0;0.7
2022-10-16-04-40;9;99;0;1
2022-10-16-04-50;9;99;0;0.6
2022-10-16-05-00;8.9;99;0;0.6
2022-10-16-05-10;9;99;0;0.6
2022-10-16-05-20;9;99;0;0.9
2022-10-16-05-30;9;99;0;0.6
2022-10-16-05-40;9;99;0;0.6
2022-10-16-05-50;9;99;0;0.6
2022-10-16-06-00;9;99;0;0.6
2022-10-16-06-10;9;99;0;0.6
2022-10-16-06-20;9;99;0;0.5
2022-10-16-06-30;9;99;0;0.7
2022-10-16-06-40;9;99;0;0.7
2022-10-16-06-50;9.1;99;0;0.7
2022-10-16-07-00;9;99;0;0.9
2022-10-16-07-10;8.9;99;0;0.6
2022-10-16-07-20;9;100;0;0.4
2022-10-16-07-30;9.2;99;0;0.4
2022-10-16-07-40;9.2;99;0;0.5
2022-10-16-07-50;9.4;99;0;0.7
2022-10-16-08-00;9.4;99;0;0.6
2022-10-16-08-10;9.4;99;0;0.4
2022-10-16-08-20;9.6;99;0;0.8
2022-10-16-08-30;9.7;99;0;0.8
2022-10-16-08-40;9.7;99;0;0.9
2022-10-16-08-50;9.8;99;0;0.6
2022-10-16-09-00;10;99;0;0.6
2022-10-16-09-10;10.1;99;0;0.7
2022-10-16-09-20;10.2;99;0;0.7
2022-10-16-09-30;10.3;99;0;0.5
2022-10-16-09-40;10.5;98;0;1.2
2022-10-16-09-50;10.5;98;0;1.3
2022-10-16-10-00;10.6;97;0;1.3
2022-10-16-10-10;10.6;97;0;0.7
2022-10-16-10-20;10.9;97;0;1.3
2022-10-16-10-30;10.9;96;0;1.1
2022-10-16-10-40;11.2;95;0;1.1
2022-10-16-10-50;11.7;93;0;1.2
2022-10-16-11-00;12.2;89;0;1
2022-10-16-11-10;13;85;0;0.9
2022-10-16-11-20;13.8;81;0;0.7
2022-10-16-11-30;14.4;78;0;0.8
2022-10-16-11-40;14.5;76;0;0.6
2022-10-16-11-50;15;75;0;0.9
2022-10-16-12-00;15.6;73;0;1.3
2022-10-16-12-10;16.4;71;0;1.1
2022-10-16-12-20;17.3;66;0;0.9
2022-10-16-12-30;17.4;67;0;1.1
2022-10-16-12-40;17.9;65;0;0.9
2022-10-16-12-50;17.9;65;0;1
2022-10-16-13-00;18.4;64;0;1.1
2022-10-16-13-10;18.9;63;0;1.1
2022-10-16-13-20;19.5;61;0;1
2022-10-16-13-30;19.8;61;0;0.9
2022-10-16-13-40;20.1;59;0;0.5
2022-10-16-13-50;20.8;57;0;0.9
2022-10-16-14-00;21.4;56;0;0.4
2022-10-16-14-10;21.9;55;0;0.7
2022-10-16-14-20;21.5;56;0;0.7
2022-10-16-14-30;22;54;0;0.9
2022-10-16-14-40;21.9;54;0;1.8
2022-10-16-14-50;22.1;54;0;1.3
2022-10-16-15-00;22.1;54;0;1.2
2022-10-16-15-10;22.5;54;0;1.7
2022-10-16-15-20;22.4;54;0;1.9
2022-10-16-15-30;22.3;54;0;2.1
2022-10-16-15-40;22.3;54;0;1.5
2022-10-16-15-50;22;55;0;2.4
2022-10-16-16-00;21.4;56;0;2
2022-10-16-16-10;21.1;58;0;2.6
2022-10-16-16-20;20.7;58;0;2.6
2022-10-16-16-30;20.4;59;0;2.2
2022-10-16-16-40;20.1;60;0;1.8
2022-10-16-16-50;19.8;62;0;1.9
2022-10-16-17-00;19.5;64;0;2.2
2022-10-16-17-10;19.2;65;0;1.7
2022-10-16-17-20;18.9;66;0;2.2
2022-10-16-17-30;18.6;67;0;2.6
2022-10-16-17-40;18.4;67;0;2.2
2022-10-16-17-50;18.2;68;0;2
2022-10-16-18-00;17.7;71;0;2.2
2022-10-16-18-10;17.4;72;0;2
2022-10-16-18-20;17.1;73;0;1.8
2022-10-16-18-30;17;74;0;2.5
2022-10-16-18-40;16.7;75;0;2.4
2022-10-16-18-50;16.6;75;0;2
2022-10-16-19-00;16.3;76;0;2.2
2022-10-16-19-10;15.9;78;0;1.3
2022-10-16-19-20;15.6;80;0;0.6
2022-10-16-19-30;15.2;81;0;1.1
2022-10-16-19-40;15;83;0;1.2
2022-10-16-19-50;14.6;84;0;0.8
2022-10-16-20-00;14.5;85;0;0.6
2022-10-16-20-10;14.2;86;0;0.5
2022-10-16-20-20;13.8;87;0;0.5
2022-10-16-20-30;13.6;89;0;0.9
2022-10-16-20-40;13.4;90;0;0.6
2022-10-16-20-50;13.2;92;0;0.4
2022-10-16-21-00;13;92;0;0.4
2022-10-16-21-10;12.9;93;0;0.7
2022-10-16-21-20;12.7;93;0;0.6
2022-10-16-21-30;12.7;94;0;0.5
2022-10-16-21-40;12.5;94;0;0.3
2022-10-16-21-50;12.4;94;0;0.5
2022-10-16-22-00;12.2;95;0;0.7
2022-10-16-22-10;12.1;95;0;0.5
2022-10-16-22-20;12;95;0;0.4
2022-10-16-22-30;11.9;96;0;0.3
2022-10-16-22-40;11.7;96;0;0.2
2022-10-16-22-50;11.6;96;0;0.2
2022-10-16-23-00;11.4;96;0;0.2
2022-10-16-23-10;11.4;96;0;0.2
2022-10-16-23-20;11.3;96;0;0.5
2022-10-16-23-30;11.3;97;0;0.4
2022-10-16-23-40;11.2;97;0;0.4
2022-10-16-23-50;11.1;97;0;0.4
2022-10-17-00-00;10.9;96;0;0.3
2022-10-17-00-10;10.9;97;0;0.5
2022-10-17-00-20;10.8;97;0;0.4
2022-10-17-00-30;10.8;96;0;0.8
2022-10-17-00-40;10.7;97;0;0.4
2022-10-17-00-50;10.7;97;0;0.5
2022-10-17-01-00;10.6;97;0;0.9
2022-10-17-01-10;10.6;97;0;0.7
2022-10-17-01-20;10.6;98;0;0.4
2022-10-17-01-30;10.7;98;0;0.6
2022-10-17-01-40;10.7;98;0;0.9
2022-10-17-01-50;10.7;98;0;1
2022-10-17-02-00;10.6;98;0;0.8
2022-10-17-02-10;10.5;98;0;0.6
2022-10-17-02-20;10.6;98;0;0.3
2022-10-17-02-30;10.6;98;0;0.7
2022-10-17-02-40;10.7;99;0;0.9
2022-10-17-02-50;10.8;99;0;0.8
2022-10-17-03-00;10.8;99;0;0.6
2022-10-17-03-10;10.8;99;0;0.6
2022-10-17-03-20;10.8;99;0;0.5
2022-10-17-03-30;10.9;99;0;0.4
2022-10-17-03-40;10.9;99;0;0.3
2022-10-17-03-50;10.9;99;0;0.7
2022-10-17-04-00;10.9;99;0;0.8
2022-10-17-04-10;10.9;99;0;0.9
2022-10-17-04-20;10.9;99;0;0.8
2022-10-17-04-30;10.8;99;0;0.6
2022-10-17-04-40;10.8;99;0;0.8
2022-10-17-04-50;10.8;99;0;0.7
2022-10-17-05-00;10.8;99;0;0.6
2022-10-17-05-10;10.8;99;0;0.4
2022-10-17-05-20;10.8;99;0;0.3
2022-10-17-05-30;10.8;99;0;0.3
2022-10-17-05-40;10.9;99;0;0.4
2022-10-17-05-50;10.9;99;0;1.2
2022-10-17-06-00;10.8;98;0;1.6
2022-10-17-06-10;10.7;99;0;1.3
2022-10-17-06-20;10.6;99;0;1.5
2022-10-17-06-30;10.5;99;0;1.7
2022-10-17-06-40;10.4;99;0;1.4
2022-10-17-06-50;10.5;99;0;1.2
2022-10-17-07-00;10.5;99;0;1.2
2022-10-17-07-10;10.5;99;0;1.1
2022-10-17-07-20;10.5;99;0;0.9
2022-10-17-07-30;10.6;99;0;0.5
2022-10-17-07-40;10.6;99;0;0.5
2022-10-17-07-50;10.7;99;0;0.7
2022-10-17-08-00;10.7;98;0;0.9
2022-10-17-08-10;10.6;98;0;0.8
2022-10-17-08-20;10.6;98;0;1.1
2022-10-17-08-30;10.7;98;0;1.1
2022-10-17-08-40;10.8;98;0;1
2022-10-17-08-50;10.8;98;0;1.1
2022-10-17-09-00;10.9;98;0;0.9
2022-10-17-09-10;11;97;0;0.6
2022-10-17-09-20;11.1;97;0;0.6
2022-10-17-09-30;11.2;97;0;0.7
2022-10-17-09-40;11.4;97;0;0.6
2022-10-17-09-50;11.5;96;0;0.7
2022-10-17-10-00;11.7;95;0;0.5
2022-10-17-10-10;12;94;0;0.5
2022-10-17-10-20;12.1;93;0;0.6
2022-10-17-10-30;12.3;91;0;0.8
2022-10-17-10-40;12.9;90;0;0.6
2022-10-17-10-50;13.3;88;0;0.8
2022-10-17-11-00;14.1;84;0;0.9
2022-10-17-11-10;14.4;83;0;1
2022-10-17-11-20;14.9;81;0;1.4
2022-10-17-11-30;14.9;82;0;1.4
2022-10-17-11-40;15.4;80;0;1.3
2022-10-17-11-50;15.9;78;0;0.7
2022-10-17-12-00;16.7;74;0;0.6
2022-10-17-12-10;17.1;73;0;0.5
2022-10-17-12-20;17.3;72;0;0.9
2022-10-17-12-30;17.6;71;0;0.7
2022-10-17-12-40;18.1;68;0;1
2022-10-17-12-50;18.4;68;0;0.8
2022-10-17-13-00;19.2;65;0;1.2
2022-10-17-13-10;19.9;63;0;0.7
2022-10-17-13-20;19.9;63;0;1.3
2022-10-17-13-30;20.6;61;0;0.8
2022-10-17-13-40;20.9;60;0;0.8
2022-10-17-13-50;21.5;57;0;0.7
2022-10-17-14-00;21.5;58;0;1.1
2022-10-17-14-10;21;58;0;1.2
2022-10-17-14-20;21.4;57;0;1.1
2022-10-17-14-30;21.6;56;0;1
2022-10-17-14-40;21.6;56;0;1
2022-10-17-14-50;22;56;0;0.7
2022-10-17-15-00;22;56;0;0.6
2022-10-17-15-10;22.7;53;0;0.8
2022-10-17-15-20;22.8;53;0;0.8
2022-10-17-15-30;22.5;54;0;0.8
2022-10-17-15-40;21.8;56;0;1.1
2022-10-17-15-50;21.6;56;0;1
2022-10-17-16-00;21.4;57;0;0.7
2022-10-17-16-10;21.1;58;0;0.6
2022-10-17-16-20;20.8;59;0;0.9
2022-10-17-16-30;20.5;61;0;0.8
2022-10-17-16-40;20.1;63;0;0.6
2022-10-17-16-50;19.5;66;0;0.7
2022-10-17-17-00;19;67;0;0.6
2022-10-17-17-10;18.5;70;0;0.6
2022-10-17-17-20;17.8;74;0;0.4
2022-10-17-17-30;17.5;75;0;0.6
2022-10-17-17-40;16.9;78;0;0.4
2022-10-17-17-50;16.5;81;0;0.3
2022-10-17-18-00;16.4;82;0;1.1
2022-10-17-18-10;16.2;82;0;0.9
2022-10-17-18-20;15.9;84;0;0.6
2022-10-17-18-30;15.6;85;0;0.4
2022-10-17-18-40;15.5;86;0;1
2022-10-17-18-50;15.4;86;0;1.4
2022-10-17-19-00;15.1;88;0;1
2022-10-17-19-10;14.9;89;0;1.3
2022-10-17-19-20;14.8;89;0;1
2022-10-17-19-30;14.6;90;0;0.5
2022-10-17-19-40;14.3;91;0;0.5
2022-10-17-19-50;14.1;91;0;0.9
2022-10-17-20-00;13.9;92;0;0.7
2022-10-17-20-10;13.6;92;0;0.2
2022-10-17-20-20;13.6;93;0;0.5
2022-10-17-20-30;13.6;93;0;0.9
2022-10-17-20-40;13.5;93;0;0.8
2022-10-17-20-50;13.2;93;0;0.9
2022-10-17-21-00;13;94;0;1.4
2022-10-17-21-10;13.1;94;0;1.1
2022-10-17-21-20;13;94;0;0.9
2022-10-17-21-30;12.9;94;0;0.9
2022-10-17-21-40;12.7;95;0;0.7
2022-10-17-21-50;12.6;95;0;1.1
2022-10-17-22-00;12.5;95;0;1
2022-10-17-22-10;12.4;95;0;0.7
2022-10-17-22-20;12.2;96;0;0.9
2022-10-17-22-30;12.3;96;0;0.9
2022-10-17-22-40;12.1;96;0;0.8
2022-10-17-22-50;11.9;96;0;0.6
2022-10-17-23-00;11.9;96;0;0.6
2022-10-17-23-10;11.8;97;0;0.4
2022-10-17-23-20;11.6;96;0;0.2
2022-10-17-23-30;11.5;97;0;0.2
2022-10-17-23-40;11.4;96;0;0.5
2022-10-17-23-50;11.6;97;0;0.8
2022-10-18-00-00;11.3;97;0;0.6
2022-10-18-00-10;11;97;0;0.5
2022-10-18-00-20;11;96;0;0.7
2022-10-18-00-30;11.2;97;0;0.4
2022-10-18-00-40;11;97;0;0.3
2022-10-18-00-50;10.8;97;0;0.3
2022-10-18-01-00;10.7;97;0;0.6
2022-10-18-01-10;10.6;97;0;0.4
2022-10-18-01-20;10.4;97;0;0.3
2022-10-18-01-30;10.2;97;0;0.3
2022-10-18-01-40;10;97;0;0.7
2022-10-18-01-50;10.3;98;0;0.7
2022-10-18-02-00;10.3;98;0;0.5
2022-10-18-02-10;10.4;97;0;0.4
2022-10-18-02-20;10.4;98;0;0.3
2022-10-18-02-30;10.6;98;0;0.4
2022-10-18-02-40;10.7;98;0;0.3
2022-10-18-02-50;10.7;98;0;0.4
2022-10-18-03-00;10.8;98;0;0.4
2022-10-18-03-10;10.9;98;0;0.5
2022-10-18-03-20;11;99;0;0.6
2022-10-18-03-30;11;99;0;0.6
2022-10-18-03-40;11.1;99;0;0.4
2022-10-18-03-50;11.1;98;0;1.2
2022-10-18-04-00;11.1;99;0;1
2022-10-18-04-10;11.1;99;0;0.4
2022-10-18-04-20;11.1;99;0;0.8
2022-10-18-04-30;11;99;0;0.7
2022-10-18-04-40;10.9;99;0;1
2022-10-18-04-50;10.9;99;0;1.2
2022-10-18-05-00;10.9;99;0;0.8
2022-10-18-05-10;10.9;99;0;0.6
2022-10-18-05-20;10.9;99;0;0.6
2022-10-18-05-30;10.9;99;0;0.4
2022-10-18-05-40;10.9;99;0;1
2022-10-18-05-50;10.8;99;0;1.1
2022-10-18-06-00;10.7;99;0;1.1
2022-10-18-06-10;10.7;99;0;1
2022-10-18-06-20;10.7;99;0;1.1
2022-10-18-06-30;10.6;99;0;0.9
2022-10-18-06-40;10.6;99;0;0.8
2022-10-18-06-50;10.6;99;0;1.1
2022-10-18-07-00;10.6;99;0;1.2
2022-10-18-07-10;10.6;99;0;1.1
2022-10-18-07-20;10.6;99;0;1.2
2022-10-18-07-30;10.7;99;0;1.3
2022-10-18-07-40;10.7;99;0;1.2
2022-10-18-07-50;10.7;99;0;1.2
2022-10-18-08-00;10.7;99;0;0.9
2022-10-18-08-10;10.7;99;0;0.8
2022-10-18-08-20;10.7;99;0;0.7
2022-10-18-08-30;10.8;99;0;0.7
2022-10-18-08-40;10.9;99;0;0.7
2022-10-18-08-50;11;99;0;0.8
2022-10-18-09-00;11.1;99;0;0.8
2022-10-18-09-10;11.1;99;0;0.5
2022-10-18-09-20;11.3;99;0;0.4
2022-10-18-09-30;11.4;99;0;0.7
2022-10-18-09-40;11.4;99;0;0.6
2022-10-18-09-50;11.6;99;0;0.6
2022-10-18-10-00;11.6;99;0;1
2022-10-18-10-10;11.7;98;0;0.9
2022-10-18-10-20;11.9;99;0;1.1
2022-10-18-10-30;12;99;0;0.6
2022-10-18-10-40;12.1;98;0;0.9
2022-10-18-10-50;12.1;98;0;0.8
2022-10-18-11-00;12.2;97;0;1
2022-10-18-11-10;12.4;97;0;0.8
2022-10-18-11-20;12.8;96;0;1
2022-10-18-11-30;12.9;93;0;1.3
2022-10-18-11-40;13.6;90;0;0.9
2022-10-18-11-50;14.1;89;0;1.1
2022-10-18-12-00;14.8;85;0;1.1
2022-10-18-12-10;15.3;82;0;1
2022-10-18-12-20;16;80;0;0.6
2022-10-18-12-30;16.3;77;0;0.8
2022-10-18-12-40;16.9;75;0;1
2022-10-18-12-50;17.5;72;0;0.9
2022-10-18-13-00;17.5;71;0;1
2022-10-18-13-10;18;69;0;0.8
2022-10-18-13-20;18.4;67;0;0.7
2022-10-18-13-30;18.9;65;0;0.5
2022-10-18-13-40;19.4;64;0;0.6
2022-10-18-13-50;19.4;63;0;0.7
2022-10-18-14-00;20.1;60;0;0.7
2022-10-18-14-10;20.4;58;0;0.6
2022-10-18-14-20;20.5;57;0;0.9
2022-10-18-14-30;20.7;56;0;0.7
2022-10-18-14-40;20.6;56;0;0.7
2022-10-18-14-50;20.4;56;0;0.6
2022-10-18-15-00;21.1;55;0;0.6
2022-10-18-15-10;20.9;53;0;0.8
2022-10-18-15-20;20.9;54;0;0.8
2022-10-18-15-30;21.1;53;0;0.6
2022-10-18-15-40;20.9;52;0;0.8
2022-10-18-15-50;21;50;0;0.9
2022-10-18-16-00;20.4;51;0;0.8
2022-10-18-16-10;20.2;53;0;0.7
2022-10-18-16-20;19.7;57;0;0.6
2022-10-18-16-30;19.3;60;0;0.4
2022-10-18-16-40;18.8;63;0;0.4
2022-10-18-16-50;18.3;65;0;1.2
2022-10-18-17-00;17.9;68;0;1.3
2022-10-18-17-10;17.4;71;0;0.7
2022-10-18-17-20;16.9;74;0;0.6
2022-10-18-17-30;16.4;76;0;0.5
2022-10-18-17-40;16.1;77;0;0.8
2022-10-18-17-50;15.7;80;0;0.7
2022-10-18-18-00;15.5;81;0;1.4
2022-10-18-18-10;15.3;83;0;0.8
2022-10-18-18-20;14.9;84;0;0.8
2022-10-18-18-30;14.6;87;0;1
2022-10-18-18-40;14.5;87;0;1.1
2022-10-18-18-50;14.3;88;0;1.5
2022-10-18-19-00;14.1;90;0;0.6
2022-10-18-19-10;13.9;91;0;0.8
2022-10-18-19-20;13.8;91;0;0.7
2022-10-18-19-30;13.8;91;0;0.5
2022-10-18-19-40;13.7;92;0;0.6
2022-10-18-19-50;13.4;92;0;0.6
2022-10-18-20-00;13.2;93;0;0.3
2022-10-18-20-10;13.1;94;0;1.1
2022-10-18-20-20;13.1;94;0;0.8
2022-10-18-20-30;12.9;94;0;0.6
2022-10-18-20-40;12.7;94;0;0.5
2022-10-18-20-50;12.6;94;0;0.5
2022-10-18-21-00;12.4;95;0;0.3
2022-10-18-21-10;12.4;95;0;0.3
2022-10-18-21-20;12.2;95;0;0.6
2022-10-18-21-30;12.2;95;0;0.5
2022-10-18-21-40;12.1;96;0;0.8
2022-10-18-21-50;12;95;0;0.3
2022-10-18-22-00;12;96;0;0.3
2022-10-18-22-10;11.8;96;0;0.2
2022-10-18-22-20;11.7;96;0;0.2
2022-10-18-22-30;11.7;96;0;0.6
2022-10-18-22-40;11.6;96;0;0.7
2022-10-18-22-50;11.5;96;0;0.8
2022-10-18-23-00;11.4;96;0;0.3
2022-10-18-23-10;11.4;97;0;0.4
2022-10-18-23-20;11.3;97;0;0.4
2022-10-18-23-30;11.1;97;0;0.2
2022-10-18-23-40;11.1;96;0;0.3
2022-10-18-23-50;11.1;97;0;0.4
2022-10-19-00-00;11.1;97;0;0.7
2022-10-19-00-10;10.9;97;0;0.6
2022-10-19-00-20;10.8;97;0;0.2
2022-10-19-00-30;10.6;97;0;0.6
2022-10-19-00-40;10.6;96;0;0.6
2022-10-19-00-50;10.8;97;0;0.4
2022-10-19-01-00;10.7;97;0;0.5
2022-10-19-01-10;10.7;97;0;0.5
2022-10-19-01-20;10.8;98;0;0.4
2022-10-19-01-30;10.7;98;0;0.4
2022-10-19-01-40;10.8;97;0;1
2022-10-19-01-50;10.8;98;0;0.6
2022-10-19-02-00;10.9;98;0;0.6
2022-10-19-02-10;10.8;98;0;0.5
2022-10-19-02-20;10.8;98;0;0.5
2022-10-19-02-30;10.8;98;0;0.4
2022-10-19-02-40;10.8;98;0;0.6
2022-10-19-02-50;10.9;98;0;0.4
2022-10-19-03-00;10.9;98;0;0.8
2022-10-19-03-10;10.8;98;0;0.5
2022-10-19-03-20;10.9;98;0;0.9
2022-10-19-03-30;10.9;99;0;0.7
2022-10-19-03-40;10.9;99;0;0.7
2022-10-19-03-50;10.9;99;0;0.5
2022-10-19-04-00;11;99;0;0.5
2022-10-19-04-10;11;98;0;0.6
2022-10-19-04-20;10.9;99;0;0.5
2022-10-19-04-30;11;99;0;0.5
2022-10-19-04-40;11.1;98;0;0.8
2022-10-19-04-50;11.1;99;0;0.8
2022-10-19-05-00;11;99;0;0.3
2022-10-19-05-10;11;99;0;0.7
2022-10-19-05-20;10.9;99;0;0.5
2022-10-19-05-30;10.8;99;0;0.7
2022-10-19-05-40;10.8;99;0;0.5
2022-10-19-05-50;10.8;99;0;0.5
2022-10-19-06-00;10.8;99;0;0.7
2022-10-19-06-10;10.7;99;0;0.5
2022-10-19-06-20;10.8;98;0;0.8
2022-10-19-06-30;10.7;99;0;0.8
2022-10-19-06-40;10.7;99;0;0.6
2022-10-19-06-50;10.7;99;0;0.4
2022-10-19-07-00;10.8;99;0;0.5
2022-10-19-07-10;10.8;99;0;0.9
2022-10-19-07-20;10.8;99;0;0.8
2022-10-19-07-30;10.8;99;0;0.8
2022-10-19-07-40;10.9;99;0;0.7
2022-10-19-07-50;10.9;99;0;0.8
2022-10-19-08-00;11;99;0;0.6
2022-10-19-08-10;11;99;0;0.5
2022-10-19-08-20;11;99;0;0.6
2022-10-19-08-30;11.1;99;0;0.5
2022-10-19-08-40;11.1;99;0;0.6
2022-10-19-08-50;11.2;99;0;0.8
2022-10-19-09-00;11.1;98;0;0.6
2022-10-19-09-10;11.1;99;0;0.4
2022-10-19-09-20;11.3;99;0;0.9
2022-10-19-09-30;11.4;98;0;1
2022-10-19-09-40;11.5;99;0;1
2022-10-19-09-50;11.5;98;0;0.7
2022-10-19-10-00;11.5;98;0;0.6
2022-10-19-10-10;11.7;97;0;1
2022-10-19-10-20;11.9;97;0;0.9
2022-10-19-10-30;12.1;96;0;1
2022-10-19-10-40;12.3;96;0;0.7
2022-10-19-10-50;12.9;93;0;1
2022-10-19-11-00;13.4;90;0;1.4
2022-10-19-11-10;13.7;88;0;0.9
2022-10-19-11-20;14.4;84;0;0.5
2022-10-19-11-30;14.7;84;0;0.8
2022-10-19-11-40;15.2;82;0;1
2022-10-19-11-50;15.8;79;0;0.7
2022-10-19-12-00;16.4;76;0;0.9
2022-10-19-12-10;17.1;74;0;0.8
2022-10-19-12-20;17.4;73;0;0.9
2022-10-19-12-30;18.2;70;0;0.9
2022-10-19-12-40;18.8;67;0;0.5
2022-10-19-12-50;18.8;68;0;0.8
2022-10-19-13-00;19.2;66;0;0.8
2022-10-19-13-10;19.8;65;0;0.9
2022-10-19-13-20;20.3;62;0;1.2
2022-10-19-13-30;20.4;62;0;1.3
2022-10-19-13-40;20.5;61;0;2.1
2022-10-19-13-50;20.5;59;0;2.5
2022-10-19-14-00;20.5;60;0;2.2
2022-10-19-14-10;20.5;60;0;2.1
2022-10-19-14-20;20.8;59;0;1.6
2022-10-19-14-30;21.1;58;0;2.1
2022-10-19-14-40;20.8;58;0;2
2022-10-19-14-50;20.7;59;0;1.6
2022-10-19-15-00;20.7;59;0;2
2022-10-19-15-10;20.6;59;0;1.7
2022-10-19-15-20;20.7;59;0;1.9
2022-10-19-15-30;20.5;59;0;1.7
2022-10-19-15-40;20.4;59;0;1.9
2022-10-19-15-50;20.2;60;0;1.4
2022-10-19-16-00;19.7;61;0;1.6
2022-10-19-16-10;19.5;62;0;1.5
2022-10-19-16-20;19.1;63;0;1.4
2022-10-19-16-30;18.9;64;0;1.2
2022-10-19-16-40;18.6;66;0;1
2022-10-19-16-50;18.3;68;0;1.1
2022-10-19-17-00;17.9;69;0;1.3
2022-10-19-17-10;17.5;71;0;1.2
2022-10-19-17-20;17.2;72;0;1.2
2022-10-19-17-30;16.8;73;0;1.3
2022-10-19-17-40;16.5;75;0;1.4
2022-10-19-17-50;16.1;77;0;1.3
2022-10-19-18-00;15.7;78;0;1.3
2022-10-19-18-10;15.4;80;0;1.1
2022-10-19-18-20;15.1;82;0;0.8
2022-10-19-18-30;14.8;83;0;0.5
2022-10-19-18-40;14.6;85;0;0.3
2022-10-19-18-50;14.4;86;0;0.7
2022-10-19-19-00;14.2;86;0;0.7
2022-10-19-19-10;14;87;0;0.7
2022-10-19-19-20;14;88;0;1.1
2022-10-19-19-30;14.2;87;0;0.7
2022-10-19-19-40;14.2;87;0;0.5
2022-10-19-19-50;14.3;86;0;0.6
2022-10-19-20-00;14.3;86;0;0.5
2022-10-19-20-10;14.7;84;0;1
2022-10-19-20-20;14.9;83;0;1.1
2022-10-19-20-30;15.1;82;0;1
2022-10-19-20-40;15.2;82;0;0.6
2022-10-19-20-50;15.1;82;0;0.5
2022-10-19-21-00;15.2;82;0;0.4
2022-10-19-21-10;15.3;81;0;0.8
2022-10-19-21-20;15.3;82;0;0.6
2022-10-19-21-30;15.3;81;0;0.8
2022-10-19-21-40;15.3;81;0;0.5
2022-10-19-21-50;15.3;82;0;0.6
2022-10-19-22-00;15.3;82;0;1.1
2022-10-19-22-10;15.2;82;0;1.4
2022-10-19-22-20;15;82;0;1.4
2022-10-19-22-30;14.9;83;0;1.2
2022-10-19-22-40;14.9;83;0;1.3
2022-10-19-22-50;14.8;82;0;0.6
2022-10-19-23-00;14.8;81;0;0.7
2022-10-19-23-10;14.8;82;0;0.6
2022-10-19-23-20;14.9;81;0;0.8
2022-10-19-23-30;14.8;81;0;1
2022-10-19-23-40;14.8;82;0;1.4
2022-10-19-23-50;14.7;83;0;1
2022-10-20-00-00;14.6;84;0;0.6
2022-10-20-00-10;14.5;84;0;0.4
2022-10-20-00-20;14.5;85;0;0.7
2022-10-20-00-30;14.4;85;0;0.6
2022-10-20-00-40;14.3;85;0;0.5
2022-10-20-00-50;14.3;85;0;0.4
2022-10-20-01-00;14.3;85;0;0.6
2022-10-20-01-10;14.2;85;0;1
2022-10-20-01-20;14.2;86;0;0.5
2022-10-20-01-30;14.2;87;0;0.4
2022-10-20-01-40;14.2;87;0;0.4
2022-10-20-01-50;14.2;86;0;1.2
2022-10-20-02-00;13.9;86;0;1.9
2022-10-20-02-10;13.7;87;0;0.9
2022-10-20-02-20;13.7;87;0;0.8
2022-10-20-02-30;13.6;87;0;1.3
2022-10-20-02-40;13.6;86;0;1.5
2022-10-20-02-50;13.6;85;0;1.1
2022-10-20-03-00;13.7;85;0;1.2
2022-10-20-03-10;13.8;83;0;1.4
2022-10-20-03-20;14;80;0;2.1
2022-10-20-03-30;14;79;0;1.9
2022-10-20-03-40;13.9;79;0;1.6
2022-10-20-03-50;13.8;79;0;1.3
2022-10-20-04-00;13.7;78;0;1.2
2022-10-20-04-10;13.6;79;0;1.2
2022-10-20-04-20;13.5;79;0;1.3
2022-10-20-04-30;13.4;79;0;1.5
2022-10-20-04-40;13.3;80;0;1.6
2022-10-20-04-50;13.3;80;0;1.3
2022-10-20-05-00;13.3;79;0;1.5
2022-10-20-05-10;13.2;79;0;1.2
2022-10-20-05-20;13.2;79;0;1.3
2022-10-20-05-30;13.2;77;0;1
2022-10-20-05-40;13.1;77;0;1.4
2022-10-20-05-50;13;77;0;1.8
2022-10-20-06-00;13;76;0;1.8
2022-10-20-06-10;12.8;75;0;2.8
2022-10-20-06-20;12.8;74;0;2.4
2022-10-20-06-30;12.7;73;0;2.5
2022-10-20-06-40;12.6;73;0;1.6
2022-10-20-06-50;12.5;72;0;2
2022-10-20-07-00;12.4;71;0;2
2022-10-20-07-10;12.3;71;0;2.1
2022-10-20-07-20;12.4;70;0;1.7
2022-10-20-07-30;12.4;69;0;2.1
2022-10-20-07-40;12.4;69;0;1.6
2022-10-20-07-50;12.4;68;0;2.3
2022-10-20-08-00;12.5;67;0;2.9
2022-10-20-08-10;12.5;66;0;2.8
2022-10-20-08-20;12.6;66;0;2.5
2022-10-20-08-30;12.6;65;0;3.3
2022-10-20-08-40;12.7;64;0;2.6
2022-10-20-08-50;12.8;64;0;2.2
2022-10-20-09-00;12.9;61;0;2.4
2022-10-20-09-10;13;62;0;2.2
2022-10-20-09-20;13;62;0;2.3
2022-10-20-09-30;13.1;64;0;2.2
2022-10-20-09-40;13;63;0;3
2022-10-20-09-50;13.1;63;0;2.6
2022-10-20-10-00;13.2;63;0;2.1
2022-10-20-10-10;13.3;62;0;2.5
2022-10-20-10-20;13.3;62;0;2.3
2022-10-20-10-30;13.4;61;0;1.9
2022-10-20-10-40;13.3;61;0;2
2022-10-20-10-50;13.4;61;0;2
2022-10-20-11-00;13.5;61;0;1.7
2022-10-20-11-10;13.7;60;0;1.9
2022-10-20-11-20;13.8;60;0;1.6
2022-10-20-11-30;13.9;60;0;2.1
2022-10-20-11-40;14.1;60;0;1.8
2022-10-20-11-50;14.3;59;0;2.1
2022-10-20-12-00;14.5;59;0;2.2
2022-10-20-12-10;14.6;59;0;2.1
2022-10-20-12-20;14.3;59;0;1.9
2022-10-20-12-30;14.5;59;0;1.9
2022-10-20-12-40;14.7;59;0;2.1
2022-10-20-12-50;14.9;58;0;2.2
2022-10-20-13-00;15.1;58;0;2.1
2022-10-20-13-10;15.1;58;0;2.2
2022-10-20-13-20;15.3;58;0;2.1
2022-10-20-13-30;15.2;58;0;2.3
2022-10-20-13-40;15.2;58;0;2
2022-10-20-13-50;15.4;58;0;1.8
2022-10-20-14-00;15.4;58;0;2.5
2022-10-20-14-10;15.4;58;0;2.3
2022-10-20-14-20;15.5;58;0;1.9
2022-10-20-14-30;15.5;58;0;2.2
2022-10-20-14-40;15.5;58;0;1.9
2022-10-20-14-50;15.4;59;0;2
2022-10-20-15-00;15.5;59;0;2.1
2022-10-20-15-10;15.5;59;0;2.6
2022-10-20-15-20;15.6;59;0;2.8
2022-10-20-15-30;15.4;59;0;2.2
2022-10-20-15-40;15.4;60;0;2.2
2022-10-20-15-50;15.3;60;0;2.3
2022-10-20-16-00;15.1;61;0;2.5
2022-10-20-16-10;14.9;61;0;2.3
2022-10-20-16-20;14.8;62;0;2.5
2022-10-20-16-30;14.8;63;0;2.4
2022-10-20-16-40;14.7;62;0;2.3
2022-10-20-16-50;14.7;62;0;2.1
2022-10-20-17-00;14.7;63;0;1.6
2022-10-20-17-10;14.6;63;0;1.4
2022-10-20-17-20;14.6;64;0;1.9
2022-10-20-17-30;14.5;65;0;1.9
2022-10-20-17-40;14.4;65;0;1.1
2022-10-20-17-50;14.2;67;0;1.2
2022-10-20-18-00;14.1;68;0;1.3
2022-10-20-18-10;14.1;68;0;1
2022-10-20-18-20;14.1;69;0;1.4
2022-10-20-18-30;14;69;0;1.3
2022-10-20-18-40;13.9;70;0;1.1
2022-10-20-18-50;13.8;71;0;1.1
2022-10-20-19-00;13.7;72;0;0.5
2022-10-20-19-10;13.5;73;0;0.4
2022-10-20-19-20;13.4;73;0;0.5
2022-10-20-19-30;13.4;73;0;0.6
2022-10-20-19-40;13.4;73;0;0.7
2022-10-20-19-50;13.3;73;0;0.8
2022-10-20-20-00;13;75;0;1
2022-10-20-20-10;12.6;76;0;1.3
2022-10-20-20-20;12.2;78;0;1.4
2022-10-20-20-30;11.9;79;0;1.4
2022-10-20-20-40;11.7;80;0;1.5
2022-10-20-20-50;11.6;81;0;1.2
2022-10-20-21-00;11.4;81;0;1.1
2022-10-20-21-10;11.2;82;0;1
2022-10-20-21-20;11.1;82;0;1
2022-10-20-21-30;11;82;0;1.1
2022-10-20-21-40;11;83;0;1.5
2022-10-20-21-50;10.9;83;0;1.5
2022-10-20-22-00;10.8;83;0;1.8
2022-10-20-22-10;10.6;84;0;1.7
2022-10-20-22-20;10.4;85;0;1.4
2022-10-20-22-30;10.3;86;0;1.5
2022-10-20-22-40;10.1;87;0;1.8
2022-10-20-22-50;10;88;0;1.9
2022-10-20-23-00;9.9;88;0;1.9
2022-10-20-23-10;9.8;89;0;2
2022-10-20-23-20;9.7;89;0;1.6
2022-10-20-23-30;9.6;89;0;1.4
2022-10-20-23-40;9.6;89;0;1.5
2022-10-20-23-50;9.5;90;0;1.5
2022-10-21-00-00;9.4;90;0;1.5
2022-10-21-00-10;9.3;90;0;1.9
2022-10-21-00-20;9.2;90;0;1.9
2022-10-21-00-30;9.3;90;0;1.6
2022-10-21-00-40;9.3;90;0;1.4
2022-10-21-00-50;9.2;90;0;1
2022-10-21-01-00;9.2;90;0;0.6
2022-10-21-01-10;9.2;90;0;0.6
2022-10-21-01-20;9.2;90;0;1.1
2022-10-21-01-30;9.2;90;0;1.5
2022-10-21-01-40;9.2;90;0;1.6
2022-10-21-01-50;9.3;89;0;1.7
2022-10-21-02-00;9.3;89;0;1.2
2022-10-21-02-10;9.2;89;0;0.8
2022-10-21-02-20;9.1;90;0;1
2022-10-21-02-30;9;90;0;0.8
2022-10-21-02-40;8.9;90;0;0.9
2022-10-21-02-50;9;90;0;0.9
2022-10-21-03-00;8.9;90;0;0.7
2022-10-21-03-10;8.9;90;0;0.8
2022-10-21-03-20;8.8;90;0;0.8
2022-10-21-03-30;8.8;90;0;1
2022-10-21-03-40;8.9;90;0;1.3
2022-10-21-03-50;8.9;90;0;1.2
2022-10-21-04-00;8.9;89;0;1.4
2022-10-21-04-10;8.9;89;0;1
2022-10-21-04-20;8.8;90;0;0.9
2022-10-21-04-30;8.6;90;0;0.9
2022-10-21-04-40;8.6;91;0;0.6
2022-10-21-04-50;8.6;91;0;0.9
2022-10-21-05-00;8.6;91;0;1
2022-10-21-05-10;8.7;90;0;0.7
2022-10-21-05-20;8.8;90;0;0.8
2022-10-21-05-30;8.8;90;0;0.7
2022-10-21-05-40;8.9;89;0;0.8
2022-10-21-05-50;8.9;89;0;0.5
2022-10-21-06-00;8.8;90;0;0.5
2022-10-21-06-10;8.8;90;0;1.1
2022-10-21-06-20;8.8;90;0;0.5
2022-10-21-06-30;8.8;90;0;0.7
2022-10-21-06-40;8.8;91;0;0.6
2022-10-21-06-50;8.8;91;0;0.5
2022-10-21-07-00;8.9;91;0;0.8
2022-10-21-07-10;9;91;0;0.6
2022-10-21-07-20;9;90;0;0.5
2022-10-21-07-30;9.1;90;0;0.5
2022-10-21-07-40;9.2;90;0;0.5
2022-10-21-07-50;9.4;89;0;0.8
2022-10-21-08-00;9.5;89;0;0.6
2022-10-21-08-10;9.7;88;0;0.5
2022-10-21-08-20;9.8;88;0;0.5
2022-10-21-08-30;10.1;87;0;0.4
2022-10-21-08-40;10.3;86;0;0.5
2022-10-21-08-50;10.6;86;0;0.8
2022-10-21-09-00;10.7;85;0;0.8
2022-10-21-09-10;10.8;85;0;0.8
2022-10-21-09-20;10.9;84;0;0.9
2022-10-21-09-30;11.1;84;0;0.7
2022-10-21-09-40;11.3;83;0;0.7
2022-10-21-09-50;11.5;82;0;0.8
2022-10-21-10-00;11.7;82;0;0.6
2022-10-21-10-10;11.8;82;0;0.8
2022-10-21-10-20;11.9;82;0;0.6
2022-10-21-10-30;12.1;82;0;0.5
2022-10-21-10-40;12.3;81;0;0.6
2022-10-21-10-50;12.6;80;0;0.9
2022-10-21-11-00;12.9;79;0;0.8
2022-10-21-11-10;13.1;79;0;1.6
2022-10-21-11-20;13.2;79;0;1.5
2022-10-21-11-30;13.6;78;0;1.1
2022-10-21-11-40;14.3;76;0;0.4
2022-10-21-11-50;15.2;73;0;0.6
2022-10-21-12-00;15.8;70;0;0.5
2022-10-21-12-10;16.5;68;0;1.3
2022-10-21-12-20;16.9;67;0;1.9
2022-10-21-12-30;17;68;0;1.1
2022-10-21-12-40;17.4;67;0;1.1
2022-10-21-12-50;17.8;66;0;1.8
2022-10-21-13-00;18.1;63;0;1.9
2022-10-21-13-10;18.3;62;0;1.9
2022-10-21-13-20;18.4;62;0;2.5
2022-10-21-13-30;18.4;62;0;2.8
2022-10-21-13-40;18.5;59;0;2.8
2022-10-21-13-50;18.4;59;0;2.6
2022-10-21-14-00;18.4;59;0;2.7
2022-10-21-14-10;18.5;59;0;2.8
2022-10-21-14-20;18.6;59;0;2.6
2022-10-21-14-30;18.8;59;0;3.3
2022-10-21-14-40;19;59;0;2.7
2022-10-21-14-50;19;59;0;3.1
2022-10-21-15-00;19.1;59;0;4
2022-10-21-15-10;19.1;60;0;4.5
2022-10-21-15-20;19.2;60;0;3.1
2022-10-21-15-30;19.2;60;0;3.9
2022-10-21-15-40;19.1;62;0;3.8
2022-10-21-15-50;19;63;0;3.5
2022-10-21-16-00;18.9;63;0;2.9
2022-10-21-16-10;18.8;65;0;3.4
2022-10-21-16-20;18.7;65;0;4.2
2022-10-21-16-30;18.6;66;0;3.2
2022-10-21-16-40;18.5;67;0;1.8
2022-10-21-16-50;18.3;68;0;2.2
2022-10-21-17-00;18.1;69;0;3
2022-10-21-17-10;17.9;71;0;3.2
2022-10-21-17-20;17.7;72;0;2.6
2022-10-21-17-30;17.5;73;0;2.4
2022-10-21-17-40;17.3;73;0;3.1
2022-10-21-17-50;17.2;74;0;3.1
2022-10-21-18-00;17;75;0;3.3
2022-10-21-18-10;17;74;0;2.6
2022-10-21-18-20;17;74;0;2.1
2022-10-21-18-30;16.9;75;0;1
2022-10-21-18-40;16.8;75;0;1.8
2022-10-21-18-50;16.7;75;0;0.9
2022-10-21-19-00;16.5;76;0;1.2
2022-10-21-19-10;16.4;76;0;1.6
2022-10-21-19-20;16.3;76;0;2
2022-10-21-19-30;16.3;76;0;2.5
2022-10-21-19-40;16.4;76;0;2.7
2022-10-21-19-50;16.3;76;0;2.4
2022-10-21-20-00;16.3;76;0;3.1
2022-10-21-20-10;16.4;75;0;2.9
2022-10-21-20-20;16.5;75;0;2.7
2022-10-21-20-30;16.5;75;0;2.8
2022-10-21-20-40;16.4;76;0;2.6
2022-10-21-20-50;16.3;76;0;2.3
2022-10-21-21-00;16.4;76;0;3
2022-10-21-21-10;16.4;76;0;2.7
2022-10-21-21-20;16.4;76;0;3
2022-10-21-21-30;16.4;76;0;4
2022-10-21-21-40;16.5;76;0;3.9
2022-10-21-21-50;16.4;76;0;3.2
2022-10-21-22-00;16.3;77;0;3.6
2022-10-21-22-10;16.2;77;0;3
2022-10-21-22-20;16.1;77;0;2.7
2022-10-21-22-30;16.1;77;0;3.3
2022-10-21-22-40;16;77;0;3
2022-10-21-22-50;16;77;0;2.9
2022-10-21-23-00;15.8;78;0;3
2022-10-21-23-10;15.9;78;0;3.2
2022-10-21-23-20;15.9;78;0;3
2022-10-21-23-30;16;78;0;3.1
2022-10-21-23-40;15.9;78;0;3.4
2022-10-21-23-50;16;78;0;3.2
2022-10-22-00-00;16;78;0;4
2022-10-22-00-10;16.1;78;0;3.4
2022-10-22-00-20;16.2;78;0;3.4
2022-10-22-00-30;16.3;78;0;2.8
2022-10-22-00-40;16.2;78;0;2.3
2022-10-22-00-50;16.1;79;0;1.6
2022-10-22-01-00;16;79;0;1.7
2022-10-22-01-10;15.9;79;0;2.1
2022-10-22-01-20;15.8;80;0;2.3
2022-10-22-01-30;15.8;80;0;2.8
2022-10-22-01-40;15.9;79;0;2.5
2022-10-22-01-50;15.9;79;0;3.1
2022-10-22-02-00;16;79;0;3.1
2022-10-22-02-10;16.1;78;0;3.2
2022-10-22-02-20;16.3;77;0;2.5
2022-10-22-02-30;16.4;77;0;2.6
2022-10-22-02-40;16.4;77;0;1.8
2022-10-22-02-50;16.3;78;0;2
2022-10-22-03-00;16.4;77;0;2
2022-10-22-03-10;16.5;77;0;2.1
2022-10-22-03-20;16.5;77;0;2.9
2022-10-22-03-30;16.7;77;0;1.9
2022-10-22-03-40;16.6;77;0;1.8
2022-10-22-03-50;16.7;76;0;2.4
2022-10-22-04-00;16.8;75;0;2.7
2022-10-22-04-10;16.9;74;0;3.8
2022-10-22-04-20;16.9;74;0;3.3
2022-10-22-04-30;17;73;0;3.8
2022-10-22-04-40;17;73;0;3.3
2022-10-22-04-50;17;73;0;3.5
2022-10-22-05-00;17;73;0;3.1
2022-10-22-05-10;17;73;0;2.7
2022-10-22-05-20;17;74;0;3.1
2022-10-22-05-30;17;74;0;3.3
2022-10-22-05-40;17.2;72;0;4
2022-10-22-05-50;17.4;71;0;3.5
2022-10-22-06-00;17.4;71;0;3.2
2022-10-22-06-10;17.4;71;0;3.7
2022-10-22-06-20;17.4;71;0;3
2022-10-22-06-30;17.4;71;0;3.2
2022-10-22-06-40;17.4;71;0;3.4
2022-10-22-06-50;17.5;70;0;4.3
2022-10-22-07-00;17.5;70;0;3.6
2022-10-22-07-10;17.5;71;0;4.1
2022-10-22-07-20;17.5;71;0;4.4
2022-10-22-07-30;17.6;71;0;4.6
2022-10-22-07-40;17.6;71;0;3.9
2022-10-22-07-50;17.6;71;0;3.7
2022-10-22-08-00;17.6;72;0;3.3
2022-10-22-08-10;17.6;72;0;2.6
2022-10-22-08-20;17.5;73;0;2
2022-10-22-08-30;17.6;73;0;2.3
2022-10-22-08-40;17.7;72;0;3
2022-10-22-08-50;17.7;72;0;2.1
2022-10-22-09-00;17.8;72;0;2.5
2022-10-22-09-10;17.8;72;0;2.2
2022-10-22-09-20;17.8;73;0;2.9
2022-10-22-09-30;17.7;74;0;2.7
2022-10-22-09-40;17.6;75;0;1.8
2022-10-22-09-50;17.6;75;0;1.8
2022-10-22-10-00;17.6;77;0;2.7
2022-10-22-10-10;17.4;79;0;3
2022-10-22-10-20;17.3;80;0;2.8
2022-10-22-10-30;17.3;81;0;1.9
2022-10-22-10-40;17.2;81;0;1
2022-10-22-10-50;16.7;83;0;1.4
2022-10-22-11-00;16.3;86;0;1.3
2022-10-22-11-10;16;87;0;1.2
2022-10-22-11-20;15.9;87;0;1.6
2022-10-22-11-30;15.7;88;0;1.7
2022-10-22-11-40;15.6;89;0;1.3
2022-10-22-11-50;15.4;90;0;1.5
2022-10-22-12-00;15.3;91;0.1;1.3
2022-10-22-12-10;15.3;92;0.1;1.6
2022-10-22-12-20;15.3;91;0.1;1.5
2022-10-22-12-30;15.2;92;0.4;2.1
2022-10-22-12-40;15.1;92;0.4;2
2022-10-22-12-50;15;92;0.4;1.7
2022-10-22-13-00;15;92;0.2;1
2022-10-22-13-10;14.9;93;0.2;1.8
2022-10-22-13-20;15;93;0.2;1.9
2022-10-22-13-30;14.9;93;0;1.7
2022-10-22-13-40;14.9;93;0;1.7
2022-10-22-13-50;14.9;94;0;1.2
2022-10-22-14-00;14.9;94;0.2;3.4
2022-10-22-14-10;15;92;0.2;4.5
2022-10-22-14-20;14.7;93;0.2;4.9
2022-10-22-14-30;14.4;95;7;3.9
2022-10-22-14-40;14;95;7;4.4
2022-10-22-14-50;13.6;94;7;4.6
2022-10-22-15-00;13.5;95;8.6;3.8
2022-10-22-15-10;13.4;95;8.6;4.5
2022-10-22-15-20;13.4;95;8.6;2.2
2022-10-22-15-30;13.4;95;4.9;1.2
2022-10-22-15-40;13.4;95;4.9;1.5
2022-10-22-15-50;13.5;94;4.9;1.5
2022-10-22-16-00;13.4;95;3.6;1.1
2022-10-22-16-10;13.4;95;3.6;1
2022-10-22-16-20;13.4;94;3.6;1.7
2022-10-22-16-30;13.3;94;1.1;2.1
2022-10-22-16-40;13.3;95;1.1;1.9
2022-10-22-16-50;13.2;95;1.1;1.9
2022-10-22-17-00;13.2;95;1.4;2.5
2022-10-22-17-10;13.1;96;1.4;1.7
2022-10-22-17-20;13.1;96;1.4;1.6
2022-10-22-17-30;13.1;96;0.4;1.8
2022-10-22-17-40;13;96;0.4;1
2022-10-22-17-50;13;96;0.4;1.6
2022-10-22-18-00;12.9;96;0.1;0.8
2022-10-22-18-10;13;96;0.1;0.5
2022-10-22-18-20;13;96;0.1;1.3
2022-10-22-18-30;13;96;0;0.6
2022-10-22-18-40;13;96;0;0.7
2022-10-22-18-50;13;96;0;0.9
2022-10-22-19-00;13;96;0;1.2
2022-10-22-19-10;13;96;0;1.4
2022-10-22-19-20;13;96;0;1.2
2022-10-22-19-30;13;96;0;0.6
2022-10-22-19-40;13;96;0;0.9
2022-10-22-19-50;13;96;0;1
2022-10-22-20-00;13;96;0;1
2022-10-22-20-10;12.9;96;0;1.1
2022-10-22-20-20;12.9;96;0;1.1
2022-10-22-20-30;12.8;96;0;0.7
2022-10-22-20-40;12.8;96;0;0.7
2022-10-22-20-50;12.8;97;0;0.3
2022-10-22-21-00;12.6;96;0;0.6
2022-10-22-21-10;12.4;97;0;1.2
2022-10-22-21-20;12.2;96;0;1
2022-10-22-21-30;12.3;96;0;1.5
2022-10-22-21-40;12.4;97;0;1.2
2022-10-22-21-50;12.3;97;0;0.9
2022-10-22-22-00;12.4;97;0;1.1
2022-10-22-22-10;12.3;97;0;1.2
2022-10-22-22-20;12.2;97;0;0.6
2022-10-22-22-30;12.2;97;0;1
2022-10-22-22-40;12.2;97;0;0.8
2022-10-22-22-50;12.2;97;0;0.6
2022-10-22-23-00;12.1;98;0;0.4
2022-10-22-23-10;12.1;97;0;0.9
2022-10-22-23-20;12;97;0;0.7
2022-10-22-23-30;11.9;98;0;1
2022-10-22-23-40;11.9;98;0;0.5
2022-10-22-23-50;11.9;98;0;1
2022-10-23-00-00;11.9;98;0;1.2
2022-10-23-00-10;11.7;98;0;1.2
2022-10-23-00-20;11.6;98;0;0.8
2022-10-23-00-30;11.5;98;0;0.8
2022-10-23-00-40;11.4;98;0;1.4
2022-10-23-00-50;11.2;98;0;1.1
2022-10-23-01-00;11;98;0;1
2022-10-23-01-10;10.9;98;0;0.8
2022-10-23-01-20;11;98;0;0.7
2022-10-23-01-30;11;98;0;1
2022-10-23-01-40;11;98;0;0.9
2022-10-23-01-50;10.9;98;0;1
2022-10-23-02-00;10.9;98;0;0.8
2022-10-23-02-10;10.9;98;0;1
2022-10-23-02-20;10.9;98;0;0.8
2022-10-23-02-30;10.9;97;0;1
2022-10-23-02-40;10.9;97;0;0.8
2022-10-23-02-50;10.9;97;0;0.9
2022-10-23-03-00;10.9;97;0;1.3
2022-10-23-03-10;10.8;97;0;1.4
2022-10-23-03-20;10.8;98;0;0.8
2022-10-23-03-30;10.8;97;0;0.8
2022-10-23-03-40;10.8;98;0;0.6
2022-10-23-03-50;10.9;97;0;1.2
2022-10-23-04-00;10.8;97;0;1.4
2022-10-23-04-10;10.8;97;0;0.8
2022-10-23-04-20;10.8;97;0;0.9
2022-10-23-04-30;10.8;97;0;1.5
2022-10-23-04-40;10.8;98;0;1.2
2022-10-23-04-50;10.7;97;0;0.8
2022-10-23-05-00;10.7;98;0;0.5
2022-10-23-05-10;10.7;97;0;1.2
2022-10-23-05-20;10.7;98;0;0.6
2022-10-23-05-30;10.7;97;0;0.6
2022-10-23-05-40;10.7;97;0;0.5
2022-10-23-05-50;10.7;97;0;0.9
2022-10-23-06-00;10.7;97;0;1
2022-10-23-06-10;10.7;97;0;1.3
2022-10-23-06-20;10.7;97;0;1
2022-10-23-06-30;10.6;97;0.4;1.3
2022-10-23-06-40;10.7;97;0.4;1
2022-10-23-06-50;10.6;97;0.4;1
2022-10-23-07-00;10.6;97;0.5;0.7
2022-10-23-07-10;10.7;97;0.5;0.6
2022-10-23-07-20;10.7;98;0.5;0.5
2022-10-23-07-30;10.8;97;0;1.1
2022-10-23-07-40;10.7;96;0;1.4
2022-10-23-07-50;10.8;97;0;0.9
2022-10-23-08-00;10.9;97;0;1
2022-10-23-08-10;11;96;0;0.9
2022-10-23-08-20;11;95;0;0.9
2022-10-23-08-30;11.2;95;0;0.8
2022-10-23-08-40;11.2;95;0;1
2022-10-23-08-50;11.4;95;0;1.1
2022-10-23-09-00;11.4;95;0;1.3
2022-10-23-09-10;11.5;95;0;1
2022-10-23-09-20;11.4;94;0;0.8
2022-10-23-09-30;11.5;95;0.2;0.4
2022-10-23-09-40;11.6;95;0.2;0.5
2022-10-23-09-50;11.6;94;0.2;0.6
2022-10-23-10-00;11.8;94;0;0.6
2022-10-23-10-10;11.9;93;0;0.6
2022-10-23-10-20;12;92;0;0.8
2022-10-23-10-30;12.3;93;0.1;0.4
2022-10-23-10-40;12.6;91;0.1;0.8
2022-10-23-10-50;12.6;90;0.1;1
2022-10-23-11-00;12.7;90;0;0.9
2022-10-23-11-10;12.7;90;0;0.6
2022-10-23-11-20;12.6;91;0;0.8
2022-10-23-11-30;12.8;91;0.4;0.7
2022-10-23-11-40;13.2;91;0.4;0.6
2022-10-23-11-50;13.4;89;0.4;1.1
2022-10-23-12-00;13.9;88;0;1.1
2022-10-23-12-10;13.9;86;0;0.9
2022-10-23-12-20;14.2;87;0;1.7
2022-10-23-12-30;14.3;86;0;0.9
2022-10-23-12-40;14.5;85;0;1
2022-10-23-12-50;14.7;85;0;1
2022-10-23-13-00;14.9;85;0;1.8
2022-10-23-13-10;15;84;0;0.8
2022-10-23-13-20;15;84;0;2
2022-10-23-13-30;14.9;85;0;1.3
2022-10-23-13-40;15;86;0;1.4
2022-10-23-13-50;15.2;85;0;1.8
2022-10-23-14-00;15;85;0;1.3
2022-10-23-14-10;15.2;86;0;1.8
2022-10-23-14-20;15.3;85;0;1.6
2022-10-23-14-30;15.1;85;0;1.5
2022-10-23-14-40;14.9;85;0;1.1
2022-10-23-14-50;15.1;86;0;0.9
2022-10-23-15-00;15.1;85;0;1.3
2022-10-23-15-10;15.3;85;0;0.5
2022-10-23-15-20;15.4;85;0;1.2
2022-10-23-15-30;15.4;85;0;1.3
2022-10-23-15-40;15.3;85;0;0.8
2022-10-23-15-50;15.2;86;0;0.5
2022-10-23-16-00;15.3;86;0;0.3
2022-10-23-16-10;15.3;87;0;0.6
2022-10-23-16-20;15.4;87;0;0.9
2022-10-23-16-30;15.5;87;0;1
2022-10-23-16-40;15.5;87;0;1.1
2022-10-23-16-50;15.5;88;0;0.8
2022-10-23-17-00;15.5;88;0;1
2022-10-23-17-10;15.5;88;0;0.9
2022-10-23-17-20;15.4;89;0;1
2022-10-23-17-30;15.3;90;0;0.5
2022-10-23-17-40;15.2;91;0;0.6
2022-10-23-17-50;15.1;91;0;0.9
2022-10-23-18-00;15;92;0;0.9
2022-10-23-18-10;14.8;92;0;0.5
2022-10-23-18-20;14.8;92;0;1.3
2022-10-23-18-30;14.9;93;0;2.1
2022-10-23-18-40;15.4;92;0;2.7
2022-10-23-18-50;16;91;0;2.2
2022-10-23-19-00;16.1;91;0;2.1
2022-10-23-19-10;16.1;91;0;1.3
2022-10-23-19-20;15.9;92;0;0.9
2022-10-23-19-30;15.5;92;0;1.1
2022-10-23-19-40;15.5;92;0;2.2
2022-10-23-19-50;16.1;92;0;2.4
2022-10-23-20-00;16.7;90;0;2.3
2022-10-23-20-10;17.1;88;0;2.2
2022-10-23-20-20;17.3;86;0;2.1
2022-10-23-20-30;17.4;86;0;1.9
2022-10-23-20-40;17.3;86;0;1.9
2022-10-23-20-50;17.2;86;0;2
2022-10-23-21-00;17.1;86;0;2
2022-10-23-21-10;17;86;0;2.2
2022-10-23-21-20;17;86;0;2.6
2022-10-23-21-30;16.9;86;0;2.9
2022-10-23-21-40;17.2;83;0;2.9
2022-10-23-21-50;17.5;81;0;2.2
2022-10-23-22-00;17.6;80;0;2.8
2022-10-23-22-10;17.5;81;0;2.7
2022-10-23-22-20;17.5;81;0;3.3
2022-10-23-22-30;17.5;80;0;3.2
2022-10-23-22-40;17.4;81;0;2.8
2022-10-23-22-50;17.2;82;0;2.1
2022-10-23-23-00;17.1;82;0;1.5
2022-10-23-23-10;17.2;82;0;1.8
2022-10-23-23-20;17.3;81;0;2.2
2022-10-23-23-30;17.2;82;0;3.3
2022-10-23-23-40;17.1;82;0;3.5
2022-10-23-23-50;17.2;82;0;2.8
2022-10-24-00-00;17.2;82;0;2
2022-10-24-00-10;17;83;0;1.5
2022-10-24-00-20;16.7;84;0;1.5
2022-10-24-00-30;16.4;86;0;1.6
2022-10-24-00-40;16.1;87;0;1.4
2022-10-24-00-50;15.8;88;0;1.4
2022-10-24-01-00;15.8;89;0;2.3
2022-10-24-01-10;16.1;87;0;2.5
2022-10-24-01-20;16.3;86;0;2.7
2022-10-24-01-30;16;87;0;1.6
2022-10-24-01-40;15.8;88;0;1.4
2022-10-24-01-50;15.7;89;0;1.4
2022-10-24-02-00;15.7;89;0;1.9
2022-10-24-02-10;16.1;87;0;1.7
2022-10-24-02-20;16.1;87;0;1.8
2022-10-24-02-30;15.8;88;0;1.6
2022-10-24-02-40;15.6;89;0;1.6
2022-10-24-02-50;15.7;88;0;1.8
2022-10-24-03-00;15.4;89;0;1.7
2022-10-24-03-10;15.5;89;0;3
2022-10-24-03-20;16.1;87;0;3
2022-10-24-03-30;16.4;85;0;2.7
2022-10-24-03-40;16.5;85;0;1.6
2022-10-24-03-50;16.2;86;0;1.4
2022-10-24-04-00;15.9;87;0;1.4
2022-10-24-04-10;15.8;88;0;2.5
2022-10-24-04-20;16.4;86;0;2.5
2022-10-24-04-30;16.8;85;0;3.1
2022-10-24-04-40;16.8;84;0;3.3
2022-10-24-04-50;17.2;83;0;2.9
2022-10-24-05-00;17.3;83;0;3.4
2022-10-24-05-10;17.2;83;0;2.7
2022-10-24-05-20;17.4;82;0;1.9
2022-10-24-05-30;17.4;82;0;3.1
2022-10-24-05-40;17.4;82;0;2.7
2022-10-24-05-50;17.6;82;0;2.6
2022-10-24-06-00;17.7;81;0;2.6
2022-10-24-06-10;17.8;81;0;2.6
2022-10-24-06-20;17.8;82;0;2.4
2022-10-24-06-30;17.7;83;0;2.2
2022-10-24-06-40;17.6;84;0;2.3
2022-10-24-06-50;17.6;84;0;2.6
2022-10-24-07-00;17.7;84;0;2
2022-10-24-07-10;17.8;84;0;2.2
2022-10-24-07-20;17.8;84;0;2.2
2022-10-24-07-30;17.8;84;0;2.3
2022-10-24-07-40;17.9;84;0;2.5
2022-10-24-07-50;17.9;84;0;3
2022-10-24-08-00;17.9;84;0;2
2022-10-24-08-10;17.9;84;0;2.3
2022-10-24-08-20;18.1;83;0;1.3
2022-10-24-08-30;18.2;83;0;1.9
2022-10-24-08-40;18.5;82;0;2.1
2022-10-24-08-50;18.8;80;0;3.1
2022-10-24-09-00;19.1;79;0;3.3
2022-10-24-09-10;19.3;77;0;3.8
2022-10-24-09-20;19.5;76;0;3.2
2022-10-24-09-30;19.8;74;0;3.4
2022-10-24-09-40;20.1;72;0;4.3
2022-10-24-09-50;20.3;71;0;4
2022-10-24-10-00;20.5;70;0;3.6
2022-10-24-10-10;20.6;69;0;4
2022-10-24-10-20;20.8;69;0;4.1
2022-10-24-10-30;20.8;68;0;3.7
2022-10-24-10-40;21.2;66;0;4.3
2022-10-24-10-50;21.6;64;0;4.2
2022-10-24-11-00;21.9;62;0;4.5
2022-10-24-11-10;21.9;61;0;5.3
2022-10-24-11-20;21.9;61;0;4.7
2022-10-24-11-30;21.9;61;0;5.1
2022-10-24-11-40;21.7;61;0;4.1
2022-10-24-11-50;21.6;62;0;5
2022-10-24-12-00;21.3;63;0;3.7
2022-10-24-12-10;21.1;64;0;3.8
2022-10-24-12-20;21.2;64;0;4.8
2022-10-24-12-30;21.2;64;0;4.8
2022-10-24-12-40;21;65;0;4
2022-10-24-12-50;21.2;65;0;3.9
2022-10-24-13-00;21.5;64;0;4.4
2022-10-24-13-10;21.6;63;0;3.7
2022-10-24-13-20;21.3;63;0;3.5
2022-10-24-13-30;21;64;0;4.1
2022-10-24-13-40;20.8;65;0;3.6
2022-10-24-13-50;20.7;65;0;3.6
2022-10-24-14-00;20.6;66;0;3.3
2022-10-24-14-10;20.5;66;0;3.9
2022-10-24-14-20;20.4;67;0;3.3
2022-10-24-14-30;20.4;66;0;4.2
2022-10-24-14-40;20.5;65;0;4.4
2022-10-24-14-50;20.4;66;0;3.2
2022-10-24-15-00;20.3;65;0;3.5
2022-10-24-15-10;20.3;66;0;3.6
2022-10-24-15-20;20.1;66;0;3.7
2022-10-24-15-30;20;67;0;3.6
2022-10-24-15-40;19.9;67;0;4.3
2022-10-24-15-50;19.9;67;0;4.1
2022-10-24-16-00;19.8;68;0;4.1
2022-10-24-16-10;19.7;69;0;4
2022-10-24-16-20;19.6;69;0;3.2
2022-10-24-16-30;19.5;69;0;2.9
2022-10-24-16-40;19.3;70;0;2.9
2022-10-24-16-50;19.2;70;0;3.2
2022-10-24-17-00;19.1;71;0;2.7
2022-10-24-17-10;19;71;0;2.2
2022-10-24-17-20;18.8;72;0;2
2022-10-24-17-30;18.8;72;0;2.1
2022-10-24-17-40;18.7;73;0;2.3
2022-10-24-17-50;18.5;73;0;2.4
2022-10-24-18-00;18.4;73;0;2.8
2022-10-24-18-10;18.3;73;0;2
2022-10-24-18-20;18.2;74;0;2
2022-10-24-18-30;18.1;75;0;2.4
2022-10-24-18-40;18.1;74;0;2.3
2022-10-24-18-50;18.1;74;0;2.3
2022-10-24-19-00;18.2;72;0;2.7
2022-10-24-19-10;18.2;72;0;2.9
2022-10-24-19-20;18.1;72;0;2.6
2022-10-24-19-30;18.1;72;0;2.9
2022-10-24-19-40;18;73;0;3
2022-10-24-19-50;17.9;73;0;2.5
2022-10-24-20-00;17.8;74;0;2.7
2022-10-24-20-10;17.8;74;0;2.5
2022-10-24-20-20;17.7;75;0;1.6
2022-10-24-20-30;17.5;76;0;1.2
2022-10-24-20-40;17.5;76;0;1.7
2022-10-24-20-50;17.5;77;0;1.5
2022-10-24-21-00;17.4;77;0;1.6
2022-10-24-21-10;17.4;77;0;1.7
2022-10-24-21-20;17.5;77;0;2.1
2022-10-24-21-30;17.5;77;0;2.9
2022-10-24-21-40;17.5;77;0;2.6
2022-10-24-21-50;17.5;77;0;3.2
2022-10-24-22-00;17.3;76;0;3.6
2022-10-24-22-10;16.8;75;0;3.6
2022-10-24-22-20;16.3;77;0;3.1
2022-10-24-22-30;16;79;0;2.6
2022-10-24-22-40;15.8;80;0;1.9
2022-10-24-22-50;15.6;82;0;1.6
2022-10-24-23-00;15.4;83;0.2;1.7
2022-10-24-23-10;15.3;85;0.2;1.3
2022-10-24-23-20;15.2;84;0.2;1
2022-10-24-23-30;15.2;84;0;1.8
2022-10-24-23-40;15.2;84;0;1.3
2022-10-24-23-50;15;86;0;1.5
2022-10-25-00-00;15;86;0;2
2022-10-25-00-10;14.9;86;0;3
2022-10-25-00-20;14.7;87;0;3.6
2022-10-25-00-30;14.6;88;0;2.8
2022-10-25-00-40;14.4;90;0;3.5
2022-10-25-00-50;14.4;89;0;3.8
2022-10-25-01-00;14.2;91;1.8;3.2
2022-10-25-01-10;14;92;1.8;3.2
2022-10-25-01-20;13.8;94;1.8;1.6
2022-10-25-01-30;13.8;95;5.6;0.8
2022-10-25-01-40;13.8;95;5.6;0.7
2022-10-25-01-50;13.8;95;5.6;1.2
2022-10-25-02-00;13.8;95;3.2;0.6
2022-10-25-02-10;13.8;96;3.2;1
2022-10-25-02-20;13.7;95;3.2;3.1
2022-10-25-02-30;13.6;95;5.6;2.2
2022-10-25-02-40;13.5;95;5.6;1.1
2022-10-25-02-50;13.5;95;5.6;1.4
2022-10-25-03-00;13.5;95;1;0.8
2022-10-25-03-10;13.4;95;1;1.1
2022-10-25-03-20;13.4;96;1;0.6
2022-10-25-03-30;13.4;95;0.2;1
2022-10-25-03-40;13.4;95;0.2;0.7
2022-10-25-03-50;13.4;95;0.2;0.7
2022-10-25-04-00;13.4;95;0.1;0.7
2022-10-25-04-10;13.4;95;0.1;1
2022-10-25-04-20;13.4;96;0.1;1.1
2022-10-25-04-30;13.4;96;0.1;1.1
2022-10-25-04-40;13.4;96;0.1;0.7
2022-10-25-04-50;13.4;96;0.1;0.7
2022-10-25-05-00;13.4;95;1.1;0.9
2022-10-25-05-10;13.4;96;1.1;1.2
2022-10-25-05-20;13.4;96;1.1;1.9
2022-10-25-05-30;13.3;96;2;2.4
2022-10-25-05-40;13.2;95;2;2.5
2022-10-25-05-50;13.1;95;2;1.8
2022-10-25-06-00;13.1;95;1.8;1.9
2022-10-25-06-10;13;96;1.8;0.9
2022-10-25-06-20;13;96;1.8;0.7
2022-10-25-06-30;13;96;3;0.5
2022-10-25-06-40;13;96;3;1.6
2022-10-25-06-50;13;96;3;1.7
2022-10-25-07-00;13.1;96;1.4;1.9
2022-10-25-07-10;13.1;96;1.4;2
2022-10-25-07-20;13.1;96;1.4;1.2
2022-10-25-07-30;13.1;96;0;0.9
2022-10-25-07-40;13;95;0;1
2022-10-25-07-50;13.1;95;0;1.2
2022-10-25-08-00;13.1;95;0.1;0.8
2022-10-25-08-10;13.2;95;0.1;1.5
2022-10-25-08-20;13.2;95;0.1;1.2
2022-10-25-08-30;13.2;95;0.4;1.3
2022-10-25-08-40;13.3;95;0.4;0.7
2022-10-25-08-50;13.3;95;0.4;0.6
2022-10-25-09-00;13.3;94;0.1;0.6
2022-10-25-09-10;13.4;94;0.1;1
2022-10-25-09-20;13.5;94;0.1;1.1
2022-10-25-09-30;13.5;94;0;1.8
2022-10-25-09-40;13.6;94;0;1.4
2022-10-25-09-50;13.8;95;0;0.7
2022-10-25-10-00;14;94;0;0.5
2022-10-25-10-10;14.1;92;0;0.8
2022-10-25-10-20;14.5;92;0;0.8
2022-10-25-10-30;14.7;89;0;0.6
2022-10-25-10-40;15;87;0;0.9
2022-10-25-10-50;15.2;83;0;0.7
2022-10-25-11-00;15.5;82;0;1.2
2022-10-25-11-10;15.4;82;0;1.3
2022-10-25-11-20;15.4;82;0;1.4
2022-10-25-11-30;15.4;81;0;0.5
2022-10-25-11-40;15.5;82;0;0.6
2022-10-25-11-50;15.5;82;0;1
2022-10-25-12-00;15.6;82;0;0.6
2022-10-25-12-10;15.8;81;0;0.6
2022-10-25-12-20;16;81;0;0.6
2022-10-25-12-30;16;81;0;1.4
2022-10-25-12-40;16;82;0;0.9
2022-10-25-12-50;16;82;0;1
2022-10-25-13-00;16;82;0;1.1
2022-10-25-13-10;16.1;82;0;1.3
2022-10-25-13-20;16.3;82;0;1.2
2022-10-25-13-30;16.3;81;0;1.5
2022-10-25-13-40;16.5;80;0;1.6
2022-10-25-13-50;16.8;78;0;1.5
2022-10-25-14-00;16.9;76;0;0.8
2022-10-25-14-10;17;75;0;1
2022-10-25-14-20;17.3;72;0;1.2
2022-10-25-14-30;17.7;70;0;1.1
2022-10-25-14-40;18.1;67;0;1.2
2022-10-25-14-50;18.1;66;0;0.9
2022-10-25-15-00;18.2;65;0;1
2022-10-25-15-10;18.2;67;0;0.7
2022-10-25-15-20;18;67;0;1.2
2022-10-25-15-30;17.9;67;0;0.8
2022-10-25-15-40;18.2;66;0;0.7
2022-10-25-15-50;17.6;68;0;0.8
2022-10-25-16-00;17.2;69;0;0.7
2022-10-25-16-10;17;70;0;1
2022-10-25-16-20;16.7;72;0;1
2022-10-25-16-30;16.5;74;0;0.9
2022-10-25-16-40;16.1;76;0;0.5
2022-10-25-16-50;15.6;78;0;0.6
2022-10-25-17-00;15.3;80;0;0.6
2022-10-25-17-10;14.9;82;0;0.9
2022-10-25-17-20;14.4;85;0;0.6
2022-10-25-17-30;14.1;87;0;0.5
2022-10-25-17-40;13.9;89;0;0.8
2022-10-25-17-50;13.6;90;0;0.8
2022-10-25-18-00;13.7;90;0;0.9
2022-10-25-18-10;13.5;91;0;0.7
2022-10-25-18-20;13.4;91;0;0.7
2022-10-25-18-30;13.1;92;0;0.4
2022-10-25-18-40;12.8;93;0;0.5
2022-10-25-18-50;12.7;93;0;1
2022-10-25-19-00;12.8;94;0;0.8
2022-10-25-19-10;12.5;94;0;0.4
2022-10-25-19-20;12.4;94;0;0.7
2022-10-25-19-30;12.3;95;0;0.8
2022-10-25-19-40;12.2;95;0;1
2022-10-25-19-50;12.1;95;0;1.2
2022-10-25-20-00;12.1;96;0;0.7
2022-10-25-20-10;11.9;96;0;0.6
2022-10-25-20-20;11.8;96;0;0.9
2022-10-25-20-30;11.7;96;0;0.3
2022-10-25-20-40;11.7;96;0;0.7
2022-10-25-20-50;11.7;97;0;0.8
2022-10-25-21-00;11.7;96;0;1
2022-10-25-21-10;11.7;97;0;1
2022-10-25-21-20;11.7;97;0;1.1
2022-10-25-21-30;11.6;97;0;0.7
2022-10-25-21-40;11.6;97;0;1
2022-10-25-21-50;11.6;98;0;1
2022-10-25-22-00;11.6;98;0;1
2022-10-25-22-10;11.5;98;0;0.6
2022-10-25-22-20;11.4;98;0;1.3
2022-10-25-22-30;11.4;99;0;1.3
2022-10-25-22-40;11.3;98;0;1
2022-10-25-22-50;11;98;0;1.2
2022-10-25-23-00;11;99;0;0.8
2022-10-25-23-10;11.1;99;0;0.4
2022-10-25-23-20;11.2;99;0;0.3
2022-10-25-23-30;11.3;98;0;0.3
2022-10-25-23-40;11.4;99;0;0.3
2022-10-25-23-50;11.5;98;0;0.4
2022-10-26-00-00;11.6;99;0;1
2022-10-26-00-10;11.6;99;0;0.8
2022-10-26-00-20;11.6;99;0;1
2022-10-26-00-30;11.6;99;0;0.9
2022-10-26-00-40;11.5;99;0;0.9
2022-10-26-00-50;11.4;99;0;0.5
2022-10-26-01-00;11.4;98;0;0.8
2022-10-26-01-10;11.3;99;0;0.9
2022-10-26-01-20;11.3;99;0;0.8
2022-10-26-01-30;11.3;99;0;0.5
2022-10-26-01-40;11.4;98;0;0.7
2022-10-26-01-50;11.4;99;0;0.6
2022-10-26-02-00;11.4;99;0;1.1
2022-10-26-02-10;11.4;99;0;1.1
2022-10-26-02-20;11.3;98;0;1.2
2022-10-26-02-30;11.1;98;0;1.4
2022-10-26-02-40;11;99;0;1.7
2022-10-26-02-50;11;99;0;1.8
2022-10-26-03-00;10.8;99;0;1.3
2022-10-26-03-10;10.7;99;0;1.6
2022-10-26-03-20;10.7;99;0;1.3
2022-10-26-03-30;10.6;99;0;1.6
2022-10-26-03-40;10.6;99;0;1.3
2022-10-26-03-50;10.6;99;0;1.2
2022-10-26-04-00;10.6;99;0;0.7
2022-10-26-04-10;10.6;99;0;0.9
2022-10-26-04-20;10.6;99;0;0.7
2022-10-26-04-30;10.7;99;0;0.7
2022-10-26-04-40;10.8;99;0;0.8
2022-10-26-04-50;10.7;99;0;1.5
2022-10-26-05-00;10.7;98;0;1.6
2022-10-26-05-10;10.6;99;0;1
2022-10-26-05-20;10.5;99;0;1.3
2022-10-26-05-30;10.4;99;0;1.4
2022-10-26-05-40;10.3;99;0;1.2
2022-10-26-05-50;10.3;99;0;1.3
2022-10-26-06-00;10.3;99;0;1
2022-10-26-06-10;10.3;99;0;0.7
2022-10-26-06-20;10.3;99;0;0.7
2022-10-26-06-30;10.4;98;0;1.2
2022-10-26-06-40;10.4;98;0;1.8
2022-10-26-06-50;10.4;98;0;1.4
2022-10-26-07-00;10.4;98;0;1.1
2022-10-26-07-10;10.5;98;0;0.5
2022-10-26-07-20;10.6;98;0;0.7
2022-10-26-07-30;10.7;98;0;0.6
2022-10-26-07-40;10.8;98;0;0.7
2022-10-26-07-50;10.8;97;0;0.6
2022-10-26-08-00;10.9;97;0;0.7
2022-10-26-08-10;11;97;0;0.7
2022-10-26-08-20;11.1;97;0;1.2
2022-10-26-08-30;11.2;97;0;1.3
2022-10-26-08-40;11.3;97;0;0.9
2022-10-26-08-50;11.3;97;0;1
2022-10-26-09-00;11.4;97;0;0.8
2022-10-26-09-10;11.4;98;0;0.8
2022-10-26-09-20;11.4;98;0;0.9
2022-10-26-09-30;11.4;97;0;1.5
2022-10-26-09-40;11.5;98;0;1.7
2022-10-26-09-50;11.5;98;0;1.1
2022-10-26-10-00;11.5;97;0;1.5
2022-10-26-10-10;11.7;97;0;1.6
2022-10-26-10-20;11.8;97;0;1.2
2022-10-26-10-30;12;96;0;0.6
2022-10-26-10-40;12.1;96;0;0.8
2022-10-26-10-50;12.3;95;0;0.5
2022-10-26-11-00;12.6;94;0;0.7
2022-10-26-11-10;13;93;0;0.4
2022-10-26-11-20;13.2;91;0;0.5
2022-10-26-11-30;13.6;89;0;0.9
2022-10-26-11-40;13.7;89;0;1.2
2022-10-26-11-50;14.3;87;0;0.8
2022-10-26-12-00;15;82;0;1.1
2022-10-26-12-10;15.7;79;0;1.2
2022-10-26-12-20;16.2;77;0;1
2022-10-26-12-30;16.9;74;0;0.7
2022-10-26-12-40;17.4;73;0;0.7
2022-10-26-12-50;18.1;71;0;1
2022-10-26-13-00;18.4;70;0;1
2022-10-26-13-10;18.4;70;0;0.8
2022-10-26-13-20;18.6;69;0;1
2022-10-26-13-30;19;68;0;0.8
2022-10-26-13-40;19.2;67;0;0.9
2022-10-26-13-50;19.4;67;0;1.1
2022-10-26-14-00;19.9;65;0;1.1
2022-10-26-14-10;19.7;66;0;0.9
2022-10-26-14-20;20.1;64;0;0.7
2022-10-26-14-30;20;65;0;1
2022-10-26-14-40;20.1;66;0;1.2
2022-10-26-14-50;20.1;66;0;0.7
2022-10-26-15-00;20.6;65;0;1.3
2022-10-26-15-10;20.1;66;0;1.6
2022-10-26-15-20;19.8;68;0;1.6
2022-10-26-15-30;19.5;69;0;1.1
2022-10-26-15-40;19.3;70;0;1.7
2022-10-26-15-50;19.2;70;0;1.5
2022-10-26-16-00;19;72;0;1.7
2022-10-26-16-10;18.8;73;0;1.2
2022-10-26-16-20;18.7;74;0;1.4
2022-10-26-16-30;18.7;74;0;1
2022-10-26-16-40;18.6;74;0;1
2022-10-26-16-50;18.5;75;0;0.6
2022-10-26-17-00;18.1;77;0;0.6
2022-10-26-17-10;17.6;79;0;0.6
2022-10-26-17-20;17.1;82;0;0.7
2022-10-26-17-30;16.7;84;0;0.9
2022-10-26-17-40;16.5;85;0;0.8
2022-10-26-17-50;16.3;86;0;1.1
2022-10-26-18-00;16.2;87;0;1.1
2022-10-26-18-10;16.1;87;0;0.8
2022-10-26-18-20;15.9;88;0;0.7
2022-10-26-18-30;15.8;89;0;0.7
2022-10-26-18-40;15.7;90;0;0.5
2022-10-26-18-50;15.5;90;0;0.5
2022-10-26-19-00;15.4;91;0;0.9
2022-10-26-19-10;15.3;91;0;0.8
2022-10-26-19-20;15.2;92;0;1.3
2022-10-26-19-30;15.2;92;0;1.4
2022-10-26-19-40;15.2;92;0;1
2022-10-26-19-50;15.1;93;0;0.5
2022-10-26-20-00;15;93;0;0.4
2022-10-26-20-10;14.9;93;0;0.6
2022-10-26-20-20;14.9;94;0;0.7
2022-10-26-20-30;14.7;94;0;1
2022-10-26-20-40;14.5;94;0;0.6
2022-10-26-20-50;14.3;95;0;0.6
2022-10-26-21-00;14.2;95;0;1.1
2022-10-26-21-10;14.2;95;0;1.3
2022-10-26-21-20;14.3;96;0;0.6
2022-10-26-21-30;14.2;96;0;0.4
2022-10-26-21-40;14.2;96;0;0.5
2022-10-26-21-50;14.2;96;0;0.8
2022-10-26-22-00;14.3;96;0;0.9
2022-10-26-22-10;14.1;96;0;1
2022-10-26-22-20;14.1;96;0;0.8
2022-10-26-22-30;14;96;0;0.4
2022-10-26-22-40;13.9;96;0;0.5
2022-10-26-22-50;13.9;96;0;0.3
2022-10-26-23-00;13.9;96;0;0.9
2022-10-26-23-10;13.9;97;0;0.8
2022-10-26-23-20;13.7;96;0;0.4
2022-10-26-23-30;13.6;96;0;0.4
2022-10-26-23-40;13.4;96;0;0.3
2022-10-26-23-50;13.3;96;0;0.3
2022-10-27-00-00;13.2;97;0;0.5
2022-10-27-00-10;13;97;0;1.3
2022-10-27-00-20;12.9;97;0;0.7
2022-10-27-00-30;12.9;96;0;0.8
2022-10-27-00-40;12.9;97;0;0.5
2022-10-27-00-50;12.9;97;0;0.3
2022-10-27-01-00;12.7;98;0;0.5
2022-10-27-01-10;12.6;97;0;0.6
2022-10-27-01-20;12.7;97;0;0.8
2022-10-27-01-30;12.8;98;0;0.7
2022-10-27-01-40;12.9;98;0;0.9
2022-10-27-01-50;12.9;98;0;0.7
2022-10-27-02-00;12.9;99;0;0.7
2022-10-27-02-10;12.7;99;0;0.3
2022-10-27-02-20;12.6;99;0;0.4
2022-10-27-02-30;12.6;99;0;0.6
2022-10-27-02-40;12.7;98;0;0.6
2022-10-27-02-50;12.8;99;0;0.4
2022-10-27-03-00;12.8;99;0;0.3
2022-10-27-03-10;12.9;99;0;0.5
2022-10-27-03-20;12.9;99;0;0.6
2022-10-27-03-30;13;99;0;0.4
2022-10-27-03-40;13;98;0;0.5
2022-10-27-03-50;12.9;99;0;0.6
2022-10-27-04-00;12.9;99;0;0.6
2022-10-27-04-10;12.9;99;0;0.5
2022-10-27-04-20;12.9;99;0;0.6
2022-10-27-04-30;12.9;99;0;0.7
2022-10-27-04-40;12.8;98;0;0.9
2022-10-27-04-50;12.6;99;0;0.9
2022-10-27-05-00;12.5;99;0;1.1
2022-10-27-05-10;12.4;99;0;1
2022-10-27-05-20;12.4;99;0;0.8
2022-10-27-05-30;12.4;99;0;1
2022-10-27-05-40;12.3;99;0;1
2022-10-27-05-50;12.2;99;0;0.8
2022-10-27-06-00;12.2;99;0;0.8
2022-10-27-06-10;12.2;99;0;0.7
2022-10-27-06-20;12.2;99;0;0.9
2022-10-27-06-30;12.2;99;0;1.2
2022-10-27-06-40;12.2;99;0;1.1
2022-10-27-06-50;12.1;99;0;1.2
2022-10-27-07-00;12.1;99;0;1
2022-10-27-07-10;12;99;0;0.7
2022-10-27-07-20;12;99;0;0.6
2022-10-27-07-30;12.1;99;0;0.8
2022-10-27-07-40;12.1;99;0;1.1
2022-10-27-07-50;12.1;99;0;0.9
2022-10-27-08-00;12.2;99;0;0.8
2022-10-27-08-10;12.1;99;0;1
2022-10-27-08-20;12.2;99;0;0.8
2022-10-27-08-30;12.2;99;0;0.8
2022-10-27-08-40;12.3;99;0;0.5
2022-10-27-08-50;12.4;99;0;0.6
2022-10-27-09-00;12.6;99;0;0.4
2022-10-27-09-10;12.5;98;0;0.7
2022-10-27-09-20;12.5;97;0;0.9
2022-10-27-09-30;12.7;98;0;0.7
2022-10-27-09-40;12.9;97;0;0.8
2022-10-27-09-50;13;96;0;1.1
2022-10-27-10-00;13.1;95;0;0.6
2022-10-27-10-10;13.3;94;0;1
2022-10-27-10-20;13.5;93;0;1
2022-10-27-10-30;13.5;92;0;1.1
2022-10-27-10-40;13.8;91;0;1
2022-10-27-10-50;14.4;87;0;0.8
2022-10-27-11-00;14.8;85;0;1
2022-10-27-11-10;15.6;81;0;1
2022-10-27-11-20;15.9;79;0;1.1
2022-10-27-11-30;16.4;77;0;0.6
2022-10-27-11-40;16.4;77;0;1.2
2022-10-27-11-50;17;75;0;0.6
2022-10-27-12-00;17.1;75;0;0.8
2022-10-27-12-10;17.8;72;0;0.6
2022-10-27-12-20;18.1;73;0;0.9
2022-10-27-12-30;18.4;71;0;0.8
2022-10-27-12-40;18.7;70;0;1.1
2022-10-27-12-50;18.7;70;0;1.2
2022-10-27-13-00;18.9;69;0;0.8
2022-10-27-13-10;19.2;68;0;0.8
2022-10-27-13-20;19.6;67;0;1
2022-10-27-13-30;19.7;66;0;0.9
2022-10-27-13-40;20.1;64;0;1
2022-10-27-13-50;20;65;0;1.3
2022-10-27-14-00;20.2;63;0;0.7
2022-10-27-14-10;20.2;63;0;1.3
2022-10-27-14-20;20.3;62;0;1.3
2022-10-27-14-30;20.7;61;0;0.9
2022-10-27-14-40;20.7;63;0;1.3
2022-10-27-14-50;20.7;63;0;1
2022-10-27-15-00;21;62;0;1
2022-10-27-15-10;20.9;62;0;0.9
2022-10-27-15-20;21;62;0;0.8
2022-10-27-15-30;20.8;63;0;0.8
2022-10-27-15-40;20.9;62;0;0.5
2022-10-27-15-50;20.7;63;0;0.5
2022-10-27-16-00;20.3;64;0;0.4
2022-10-27-16-10;20.1;65;0;0.5
2022-10-27-16-20;19.7;68;0;0.3
2022-10-27-16-30;19.2;69;0;0.7
2022-10-27-16-40;18.8;70;0;0.7
2022-10-27-16-50;18.4;72;0;0.4
2022-10-27-17-00;17.9;74;0;0.8
2022-10-27-17-10;17.6;77;0;1
2022-10-27-17-20;17.2;79;0;1.7
2022-10-27-17-30;17.2;81;0;1.7
2022-10-27-17-40;17.2;82;0;1.9
2022-10-27-17-50;17.1;84;0;1.8
2022-10-27-18-00;16.8;85;0;1.6
2022-10-27-18-10;16.4;87;0;1.4
2022-10-27-18-20;15.9;89;0;0.8
2022-10-27-18-30;15.7;90;0;0.8
2022-10-27-18-40;15.5;91;0;0.9
2022-10-27-18-50;15.2;91;0;0.6
2022-10-27-19-00;14.8;92;0;0.5
2022-10-27-19-10;14.6;93;0;0.8
2022-10-27-19-20;14.5;93;0;0.9
2022-10-27-19-30;14.3;93;0;0.8
2022-10-27-19-40;14.1;94;0;0.8
2022-10-27-19-50;13.8;93;0;0.6
2022-10-27-20-00;13.6;94;0;0.4
2022-10-27-20-10;13.5;95;0;0.5
2022-10-27-20-20;13.3;95;0;0.7
2022-10-27-20-30;13.2;96;0;0.3
2022-10-27-20-40;13.1;96;0;0.5
2022-10-27-20-50;13;96;0;1.1
2022-10-27-21-00;12.9;96;0;1
2022-10-27-21-10;12.7;96;0;0.4
2022-10-27-21-20;12.5;96;0;0.4
2022-10-27-21-30;12.5;96;0;0.5
2022-10-27-21-40;12.3;96;0;0.7
2022-10-27-21-50;12.2;96;0;0.6
2022-10-27-22-00;12.2;96;0;0.7
2022-10-27-22-10;12.1;97;0;1
2022-10-27-22-20;12;97;0;1
2022-10-27-22-30;11.8;97;0;0.9
2022-10-27-22-40;11.6;97;0;0.4
2022-10-27-22-50;11.5;97;0;0.4
2022-10-27-23-00;11.3;97;0;0.3
2022-10-27-23-10;11.3;97;0;0.5
2022-10-27-23-20;11.1;97;0;0.4
2022-10-27-23-30;11;97;0;0.3
2022-10-27-23-40;11.1;97;0;0.5
2022-10-27-23-50;10.9;97;0;0.3
2022-10-28-00-00;10.7;97;0;0.2
2022-10-28-00-10;10.6;97;0;0.3
2022-10-28-00-20;10.5;97;0;0.4
2022-10-28-00-30;10.3;98;0;0.3
2022-10-28-00-40;10.4;97;0;0.5
2022-10-28-00-50;10.5;98;0;0.7
2022-10-28-01-00;10.8;98;0;0.5
2022-10-28-01-10;11;98;0;0.6
2022-10-28-01-20;11;99;0;0.7
2022-10-28-01-30;10.9;99;0;0.8
2022-10-28-01-40;10.9;99;0;0.8
2022-10-28-01-50;10.9;99;0;0.8
2022-10-28-02-00;10.9;99;0;0.8
2022-10-28-02-10;10.8;99;0;0.8
2022-10-28-02-20;10.8;99;0;1
2022-10-28-02-30;10.8;99;0;0.8
2022-10-28-02-40;10.9;99;0;0.8
2022-10-28-02-50;11;99;0;1.2
2022-10-28-03-00;11;99;0;0.9
2022-10-28-03-10;11;100;0;0.7
2022-10-28-03-20;11;99;0;0.9
2022-10-28-03-30;11;99;0;1
2022-10-28-03-40;10.8;99;0;1
2022-10-28-03-50;10.8;99;0;0.8
2022-10-28-04-00;10.8;99;0;0.5
2022-10-28-04-10;10.7;99;0;0.8
2022-10-28-04-20;10.5;99;0;1.1
2022-10-28-04-30;10.4;99;0;1.3
2022-10-28-04-40;10.3;99;0;0.7
2022-10-28-04-50;10.3;99;0;0.7
2022-10-28-05-00;10.3;99;0;0.6
2022-10-28-05-10;10.4;99;0;0.8
2022-10-28-05-20;10.4;99;0;1.3
2022-10-28-05-30;10.2;99;0;1.1
2022-10-28-05-40;10.2;99;0;1
2022-10-28-05-50;10.2;99;0;0.9
2022-10-28-06-00;10.2;99;0;0.6
2022-10-28-06-10;10.2;99;0;1
2022-10-28-06-20;10.1;99;0;1.4
2022-10-28-06-30;10.1;99;0;1.3
2022-10-28-06-40;10;99;0;0.9
2022-10-28-06-50;9.9;99;0;0.9
2022-10-28-07-00;10;99;0;1
2022-10-28-07-10;10.1;99;0;1.1
2022-10-28-07-20;10.2;99;0;0.8
2022-10-28-07-30;10.3;99;0;0.9
2022-10-28-07-40;10.3;99;0;1
2022-10-28-07-50;10.3;99;0;0.8
2022-10-28-08-00;10.3;99;0;1.2
2022-10-28-08-10;10.3;99;0;1
2022-10-28-08-20;10.4;99;0;1
2022-10-28-08-30;10.5;99;0;1
2022-10-28-08-40;10.5;99;0;1.2
2022-10-28-08-50;10.6;99;0;0.8
2022-10-28-09-00;10.6;99;0;0.9
2022-10-28-09-10;10.6;99;0;1
2022-10-28-09-20;10.7;99;0;0.8
2022-10-28-09-30;10.8;99;0;0.6
2022-10-28-09-40;10.9;100;0;0.5
2022-10-28-09-50;11;99;0;0.8
2022-10-28-10-00;11.1;99;0;0.7
2022-10-28-10-10;11.2;99;0;0.5
2022-10-28-10-20;11.3;99;0;0.9
2022-10-28-10-30;11.4;99;0;0.9
2022-10-28-10-40;11.5;99;0;1.1
2022-10-28-10-50;11.5;99;0;0.7
2022-10-28-11-00;11.5;99;0;0.8
2022-10-28-11-10;11.7;99;0;0.6
2022-10-28-11-20;11.8;99;0;0.7
2022-10-28-11-30;11.9;98;0;0.6
2022-10-28-11-40;12;98;0;0.8
2022-10-28-11-50;12.3;97;0;0.6
2022-10-28-12-00;12.5;96;0;0.7
2022-10-28-12-10;13;94;0;0.9
2022-10-28-12-20;13.7;92;0;0.7
2022-10-28-12-30;14.3;89;0;1
2022-10-28-12-40;14.8;84;0;1
2022-10-28-12-50;15.5;82;0;0.9
2022-10-28-13-00;15.5;81;0;0.9
2022-10-28-13-10;16.1;79;0;0.6
2022-10-28-13-20;16.8;74;0;0.7
2022-10-28-13-30;17.1;72;0;0.5
2022-10-28-13-40;17.4;70;0;0.6
2022-10-28-13-50;17.7;70;0;0.9
2022-10-28-14-00;17.7;70;0;0.8
2022-10-28-14-10;18.2;68;0;0.7
2022-10-28-14-20;18.4;67;0;0.5
2022-10-28-14-30;18.8;65;0;0.8
2022-10-28-14-40;19.2;64;0;0.8
2022-10-28-14-50;19.5;62;0;0.6
2022-10-28-15-00;20;61;0;0.5
2022-10-28-15-10;20;61;0;0.5
2022-10-28-15-20;20.3;61;0;0.5
2022-10-28-15-30;20.1;60;0;0.5
2022-10-28-15-40;20.4;60;0;0.6
2022-10-28-15-50;19.9;62;0;0.5
2022-10-28-16-00;19.4;64;0;0.6
2022-10-28-16-10;18.7;67;0;0.6
2022-10-28-16-20;18.2;69;0;0.4
2022-10-28-16-30;17.8;71;0;0.2
2022-10-28-16-40;17.3;73;0;0.3
2022-10-28-16-50;16.7;77;0;0.6
2022-10-28-17-00;16.3;78;0;1.1
2022-10-28-17-10;15.8;81;0;1
2022-10-28-17-20;15.4;83;0;1
2022-10-28-17-30;15;85;0;0.9
2022-10-28-17-40;14.6;87;0;1
2022-10-28-17-50;14.4;88;0;1.5
2022-10-28-18-00;14.2;89;0;1.2
2022-10-28-18-10;14;90;0;0.7
2022-10-28-18-20;13.9;91;0;1
2022-10-28-18-30;13.8;91;0;1
2022-10-28-18-40;13.8;92;0;1
2022-10-28-18-50;13.6;92;0;0.3
2022-10-28-19-00;13.3;92;0;0.6
2022-10-28-19-10;13.1;93;0;0.8
2022-10-28-19-20;12.9;94;0;0.3
2022-10-28-19-30;12.8;94;0;0.5
2022-10-28-19-40;12.7;95;0;0.2
2022-10-28-19-50;12.5;95;0;0.4
2022-10-28-20-00;12.3;95;0;0.5
2022-10-28-20-10;12.2;95;0;0.6
2022-10-28-20-20;12;96;0;0.6
2022-10-28-20-30;11.9;96;0;0.9
2022-10-28-20-40;11.9;96;0;0.5
2022-10-28-20-50;11.9;96;0;0.7
2022-10-28-21-00;11.8;97;0;0.7
2022-10-28-21-10;11.9;97;0;0.6
2022-10-28-21-20;11.7;97;0;0.4
2022-10-28-21-30;11.6;97;0;0.4
2022-10-28-21-40;11.5;97;0;0.4
2022-10-28-21-50;11.3;97;0;0.4
2022-10-28-22-00;11.3;97;0;0.3
2022-10-28-22-10;11.1;97;0;0.3
2022-10-28-22-20;11;97;0;0.2
2022-10-28-22-30;11;97;0;0.4
2022-10-28-22-40;10.8;97;0;0.3
2022-10-28-22-50;10.7;97;0;0.3
2022-10-28-23-00;10.7;97;0;0.6
2022-10-28-23-10;10.7;97;0;0.7
2022-10-28-23-20;10.6;97;0;0.9
2022-10-28-23-30;10.5;97;0;0.5
2022-10-28-23-40;10.3;97;0;0.3
2022-10-28-23-50;10.4;97;0;0.5
2022-10-29-00-00;10.3;97;0;0.6
2022-10-29-00-10;10.3;97;0;0.4
2022-10-29-00-20;10.2;98;0;0.8
2022-10-29-00-30;10.3;98;0;0.9
2022-10-29-00-40;10.4;98;0;0.8
2022-10-29-00-50;10.5;99;0;0.4
2022-10-29-01-00;10.6;98;0;0.5
2022-10-29-01-10;10.7;99;0;0.7
2022-10-29-01-20;10.7;99;0;0.5
2022-10-29-01-30;10.7;99;0;0.4
2022-10-29-01-40;10.7;99;0;0.3
2022-10-29-01-50;10.7;99;0;0.4
2022-10-29-02-00;10.7;99;0;0.4
2022-10-29-02-10;10.7;99;0;0.4
2022-10-29-02-20;10.7;99;0;0.2
2022-10-29-02-30;10.8;98;0;0.6
2022-10-29-02-40;10.7;99;0;0.8
2022-10-29-02-50;10.8;99;0;0.5
2022-10-29-03-00;10.8;99;0;0.9
2022-10-29-03-10;10.7;99;0;0.9
2022-10-29-03-20;10.6;99;0;0.9
2022-10-29-03-30;10.5;99;0;0.6
2022-10-29-03-40;10.6;99;0;0.4
2022-10-29-03-50;10.5;99;0;0.4
2022-10-29-04-00;10.6;99;0;0.8
2022-10-29-04-10;10.5;99;0;0.6
2022-10-29-04-20;10.5;99;0;0.4
2022-10-29-04-30;10.5;99;0;0.6
2022-10-29-04-40;10.5;99;0;0.6
2022-10-29-04-50;10.4;99;0;0.7
2022-10-29-05-00;10.4;99;0;0.5
2022-10-29-05-10;10.3;99;0;0.7
2022-10-29-05-20;10.3;99;0;0.5
2022-10-29-05-30;10.3;99;0;0.3
2022-10-29-05-40;10.3;99;0;0.4
2022-10-29-05-50;10.3;99;0;0.3
2022-10-29-06-00;10.3;99;0;0.7
2022-10-29-06-10;10.2;99;0;0.4
2022-10-29-06-20;10.2;99;0;0.4
2022-10-29-06-30;10.3;99;0;0.3
2022-10-29-06-40;10.3;99;0;0.3
2022-10-29-06-50;10.3;99;0;0.4
2022-10-29-07-00;10.3;99;0;0.4
2022-10-29-07-10;10.3;99;0;0.7
2022-10-29-07-20;10.2;99;0;0.4
2022-10-29-07-30;10.2;99;0;0.4
2022-10-29-07-40;10.2;99;0;0.7
2022-10-29-07-50;10.2;99;0;0.6
2022-10-29-08-00;10.1;99;0;0.9
2022-10-29-08-10;10.1;99;0;0.8
2022-10-29-08-20;10.1;99;0;0.9
2022-10-29-08-30;10.1;99;0;0.8
2022-10-29-08-40;10.1;99;0;0.8
2022-10-29-08-50;10.1;99;0;0.8
2022-10-29-09-00;10.2;99;0;0.6
2022-10-29-09-10;10.3;99;0;0.6
2022-10-29-09-20;10.4;99;0;0.9
2022-10-29-09-30;10.5;98;0;1.2
2022-10-29-09-40;10.4;98;0;0.7
2022-10-29-09-50;10.3;98;0;0.8
2022-10-29-10-00;10.6;98;0;0.5
2022-10-29-10-10;10.7;98;0;0.7
2022-10-29-10-20;11;98;0;0.5
2022-10-29-10-30;11.1;98;0;0.4
2022-10-29-10-40;11.2;97;0;0.9
2022-10-29-10-50;11.4;97;0;1
2022-10-29-11-00;11.6;97;0;0.7
2022-10-29-11-10;11.7;96;0;0.8
2022-10-29-11-20;11.9;95;0;1
2022-10-29-11-30;12.3;94;0;0.9
2022-10-29-11-40;12.6;92;0;0.8
2022-10-29-11-50;13.4;89;0;0.8
2022-10-29-12-00;14.2;84;0;0.6
2022-10-29-12-10;14.4;82;0;0.8
2022-10-29-12-20;15.1;80;0;0.9
2022-10-29-12-30;15.4;77;0;0.6
2022-10-29-12-40;15.8;76;0;1
2022-10-29-12-50;16.7;72;0;0.7
2022-10-29-13-00;16.9;71;0;0.5
2022-10-29-13-10;17.2;68;0;0.7
2022-10-29-13-20;17.9;67;0;1.1
2022-10-29-13-30;17.9;67;0;1
2022-10-29-13-40;17.9;66;0;0.9
2022-10-29-13-50;18.1;65;0;0.7
2022-10-29-14-00;18.3;64;0;0.9
2022-10-29-14-10;18.8;62;0;1
2022-10-29-14-20;19.1;62;0;0.5
2022-10-29-14-30;19.3;61;0;0.7
2022-10-29-14-40;20.2;57;0;0.6
2022-10-29-14-50;20.3;56;0;0.6
2022-10-29-15-00;20.7;56;0;0.5
2022-10-29-15-10;20.6;55;0;0.7
2022-10-29-15-20;20.2;55;0;0.6
2022-10-29-15-30;20.2;55;0;0.8
2022-10-29-15-40;19.9;57;0;0.8
2022-10-29-15-50;19.5;58;0;0.6
2022-10-29-16-00;19.2;60;0;0.6
2022-10-29-16-10;18.8;62;0;0.6
2022-10-29-16-20;18.2;66;0;0.7
2022-10-29-16-30;17.8;67;0;0.3
2022-10-29-16-40;17.2;71;0;0.5
2022-10-29-16-50;16.8;73;0;0.6
2022-10-29-17-00;16.2;75;0;0.7
2022-10-29-17-10;15.7;77;0;0.5
2022-10-29-17-20;15.2;80;0;0.3
2022-10-29-17-30;14.9;82;0;0.8
2022-10-29-17-40;14.6;83;0;1.1
2022-10-29-17-50;14.3;85;0;0.9
2022-10-29-18-00;14;86;0;0.7
2022-10-29-18-10;13.8;88;0;0.3
2022-10-29-18-20;13.7;88;0;0.4
2022-10-29-18-30;13.7;89;0;0.8
2022-10-29-18-40;13.5;90;0;0.6
2022-10-29-18-50;13.2;91;0;0.3
2022-10-29-19-00;13;91;0;0.9
2022-10-29-19-10;12.9;93;0;0.4
2022-10-29-19-20;12.8;93;0;0.7
2022-10-29-19-30;12.6;94;0;0.6
2022-10-29-19-40;12.6;94;0;0.6
2022-10-29-19-50;12.5;94;0;0.8
2022-10-29-20-00;12.3;95;0;0.4
2022-10-29-20-10;12.3;95;0;0.2
2022-10-29-20-20;12.1;95;0;0.2
2022-10-29-20-30;12;95;0;0.4
2022-10-29-20-40;11.9;96;0;0.3
2022-10-29-20-50;11.8;96;0;0.4
2022-10-29-21-00;11.8;96;0;0.4
2022-10-29-21-10;11.7;96;0;0.4
2022-10-29-21-20;11.5;96;0;0.7
2022-10-29-21-30;11.5;96;0;0.3
2022-10-29-21-40;11.4;97;0;0.3
2022-10-29-21-50;11.4;96;0;0.3
2022-10-29-22-00;11.3;97;0;0.5
2022-10-29-22-10;11.2;97;0;0.3
2022-10-29-22-20;11.2;97;0;0.3
2022-10-29-22-30;11.1;97;0;0.3
2022-10-29-22-40;11;97;0;0.3
2022-10-29-22-50;10.8;97;0;0.4
2022-10-29-23-00;10.6;96;0;0.2
2022-10-29-23-10;10.6;97;0;0.3
2022-10-29-23-20;10.6;97;0;0.7
2022-10-29-23-30;10.6;97;0;1
2022-10-29-23-40;10.5;97;0;0.6
2022-10-29-23-50;10.5;97;0;0.3
2022-10-30-00-00;10.4;97;0;0.2
2022-10-30-00-10;10.3;97;0;0.4
2022-10-30-00-20;10.2;97;0;0.3
2022-10-30-00-30;10.2;97;0;0.6
2022-10-30-00-40;10.2;97;0;0.4
2022-10-30-00-50;10.2;97;0;0.5
2022-10-30-01-00;10.2;97;0;0.5
2022-10-30-01-10;10.3;97;0;0.4
2022-10-30-01-20;10.4;98;0;0.6
2022-10-30-01-30;10.5;99;0;0.4
2022-10-30-01-40;10.6;98;0;0.4
2022-10-30-01-50;10.7;98;0;0.5
2022-10-30-02-00;10.7;99;0;0.6
2022-10-30-02-10;10.6;98;0;0.4
2022-10-30-02-20;10.6;99;0;0.6
2022-10-30-02-30;10.6;99;0;0.4
2022-10-30-02-40;10.6;99;0;0.5
2022-10-30-02-50;10.5;99;0;0.5
2022-10-30-03-00;10.5;99;0;0.6
2022-10-30-03-10;10.5;99;0;0.6
2022-10-30-03-20;10.4;99;0;0.4
2022-10-30-03-30;10.4;99;0;0.4
2022-10-30-03-40;10.3;99;0;0.5
2022-10-30-03-50;10.2;99;0;0.5
2022-10-30-04-00;10.3;99;0;0.6
2022-10-30-04-10;10.2;99;0;0.7
2022-10-30-04-20;10.1;99;0;0.9
2022-10-30-04-30;10.1;99;0;0.7
2022-10-30-04-40;10.1;99;0;0.4
2022-10-30-04-50;10.1;99;0;0.4
2022-10-30-05-00;10.1;99;0;0.4
2022-10-30-05-10;10.1;99;0;0.7
2022-10-30-05-20;10.1;99;0;0.7
2022-10-30-05-30;10.1;99;0;0.6
2022-10-30-05-40;10.1;99;0;0.6
2022-10-30-05-50;10.1;99;0;0.4
2022-10-30-06-00;10;99;0;0.4
2022-10-30-06-10;10;99;0;0.3
2022-10-30-06-20;10;99;0;0.4
2022-10-30-06-30;10.1;99;0;0.5
2022-10-30-06-40;10;99;0;0.5
2022-10-30-06-50;10;99;0;0.7
2022-10-30-07-00;10.1;99;0;0.8
2022-10-30-07-10;9.9;99;0;0.6
2022-10-30-07-20;9.9;99;0;0.7
2022-10-30-07-30;9.9;99;0;0.7
2022-10-30-07-40;10;99;0;0.8
2022-10-30-07-50;10;99;0;0.9
2022-10-30-08-00;10;99;0;0.5
2022-10-30-08-10;9.9;99;0;0.4
2022-10-30-08-20;10;99;0;0.4
2022-10-30-08-30;10.1;99;0;0.7
2022-10-30-08-40;10;99;0;0.8
2022-10-30-08-50;10.1;99;0;0.6
2022-10-30-09-00;10.2;99;0;0.6
2022-10-30-09-10;10.3;99;0;0.5
2022-10-30-09-20;10.4;99;0;0.8
2022-10-30-09-30;10.5;99;0;1
2022-10-30-09-40;10.4;99;0;0.8
2022-10-30-09-50;10.5;99;0;0.9
2022-10-30-10-00;10.6;99;0;0.8
2022-10-30-10-10;10.7;99;0;0.6
2022-10-30-10-20;11;99;0;0.5
2022-10-30-10-30;11.3;99;0;0.6
2022-10-30-10-40;11.8;98;0;0.9
2022-10-30-10-50;12.5;95;0;0.8
2022-10-30-11-00;13.4;89;0;0.6
2022-10-30-11-10;13.5;88;0;1
2022-10-30-11-20;14.1;86;0;1
2022-10-30-11-30;15.1;82;0;0.7
2022-10-30-11-40;15.8;78;0;0.8
2022-10-30-11-50;16.1;75;0;0.6
2022-10-30-12-00;17.1;72;0;0.5
2022-10-30-12-10;17.8;69;0;0.6
2022-10-30-12-20;17.6;70;0;0.8
2022-10-30-12-30;18.1;68;0;0.6
2022-10-30-12-40;19.1;62;0;0.6
2022-10-30-12-50;19.3;60;0;0.6
2022-10-30-13-00;19.5;58;0;0.6
2022-10-30-13-10;20.4;57;0;0.6
2022-10-30-13-20;20.8;55;0;1
2022-10-30-13-30;20.9;54;0;0.7
2022-10-30-13-40;21.3;53;0;0.5
2022-10-30-13-50;21.3;52;0;0.6
2022-10-30-14-00;21.5;49;0;0.7
2022-10-30-14-10;21.7;50;0;0.5
2022-10-30-14-20;21.8;50;0;0.6
2022-10-30-14-30;22.3;49;0;0.5
2022-10-30-14-40;22.7;47;0;0.4
2022-10-30-14-50;22.9;47;0;0.6
2022-10-30-15-00;23.2;48;0;0.6
2022-10-30-15-10;23.4;47;0;0.3
2022-10-30-15-20;23.6;51;0;0.3
2022-10-30-15-30;23.5;51;0;0.3
2022-10-30-15-40;23.4;50;0;0.3
2022-10-30-15-50;22.6;50;0;0.5
2022-10-30-16-00;21.9;54;0;0.5
2022-10-30-16-10;21.2;57;0;0.4
2022-10-30-16-20;20.4;60;0;0.4
2022-10-30-16-30;19.7;62;0;0.9
2022-10-30-16-40;18.9;67;0;0.7
2022-10-30-16-50;18.4;70;0;0.4
2022-10-30-17-00;17.7;73;0;0.4
2022-10-30-17-10;17.2;75;0;0.8
2022-10-30-17-20;16.5;79;0;0.7
2022-10-30-17-30;16.1;80;0;0.5
2022-10-30-17-40;15.6;83;0;0.3
2022-10-30-17-50;15.2;85;0;0.2
2022-10-30-18-00;15;87;0;0.8
2022-10-30-18-10;14.7;88;0;0.6
2022-10-30-18-20;14.5;89;0;1
2022-10-30-18-30;14.3;90;0;1.2
2022-10-30-18-40;14.2;91;0;0.8
2022-10-30-18-50;14;91;0;0.8
2022-10-30-19-00;13.8;92;0;0.6
2022-10-30-19-10;13.6;92;0;0.6
2022-10-30-19-20;13.3;93;0;0.4
2022-10-30-19-30;13.2;93;0;0.4
2022-10-30-19-40;13;94;0;0.2
2022-10-30-19-50;12.9;95;0;0.7
2022-10-30-20-00;12.7;95;0;0.8
2022-10-30-20-10;12.5;95;0;0.7
2022-10-30-20-20;12.4;95;0;0.7
2022-10-30-20-30;12.3;95;0;0.4
2022-10-30-20-40;12.2;96;0;0.6
2022-10-30-20-50;12.1;96;0;0.5
2022-10-30-21-00;11.9;96;0;0.5
2022-10-30-21-10;11.8;96;0;0.7
2022-10-30-21-20;11.8;96;0;0.6
2022-10-30-21-30;11.7;96;0;0.4
2022-10-30-21-40;11.5;96;0;0.5
2022-10-30-21-50;11.5;96;0;0.6
2022-10-30-22-00;11.5;96;0;0.4
2022-10-30-22-10;11.4;97;0;0.4
2022-10-30-22-20;11.3;97;0;0.2
2022-10-30-22-30;11.2;97;0;0.3
2022-10-30-22-40;11.2;97;0;0.5
2022-10-30-22-50;11.1;97;0;0.4
2022-10-30-23-00;10.9;97;0;0.4
2022-10-30-23-10;10.9;96;0;0.8
2022-10-30-23-20;10.9;97;0;0.9
2022-10-30-23-30;10.7;97;0;0.8
2022-10-30-23-40;10.6;97;0;0.8
2022-10-30-23-50;10.6;97;0;0.6
2022-10-31-00-00;10.6;97;0;0.9
2022-10-31-00-10;10.8;97;0;0.6
2022-10-31-00-20;10.6;98;0;0.3
2022-10-31-00-30;10.5;98;0;0.2
2022-10-31-00-40;10.4;97;0;0.3
2022-10-31-00-50;10.5;97;0;0.4
2022-10-31-01-00;10.6;98;0;0.3
2022-10-31-01-10;10.4;98;0;0.2
2022-10-31-01-20;10.2;98;0;0.8
2022-10-31-01-30;10.2;97;0;0.5
2022-10-31-01-40;10.3;98;0;0.3
2022-10-31-01-50;10.1;97;0;0.2
2022-10-31-02-00;10.1;98;0;0.6
2022-10-31-02-10;9.9;98;0;0.3
2022-10-31-02-20;9.8;98;0;0.4
2022-10-31-02-30;9.7;98;0;0.4
2022-10-31-02-40;9.8;97;0;0.7
2022-10-31-02-50;10;98;0;0.4
2022-10-31-03-00;10;99;0;0.3
2022-10-31-03-10;9.9;98;0;0.3
2022-10-31-03-20;10;98;0;0.5
2022-10-31-03-30;9.9;98;0;0.8
2022-10-31-03-40;9.9;99;0;0.7
2022-10-31-03-50;9.9;99;0;0.4
2022-10-31-04-00;9.8;99;0;0.4
2022-10-31-04-10;9.7;99;0;0.6
2022-10-31-04-20;9.6;99;0;0.5
2022-10-31-04-30;9.5;99;0;0.5
2022-10-31-04-40;9.5;99;0;0.6
2022-10-31-04-50;9.5;99;0;0.7
2022-10-31-05-00;9.5;99;0;0.5
2022-10-31-05-10;9.4;99;0;0.6
2022-10-31-05-20;9.4;99;0;0.5
2022-10-31-05-30;9.3;98;0;0.6
2022-10-31-05-40;9.2;99;0;0.6
2022-10-31-05-50;9.1;99;0;0.5
2022-10-31-06-00;9.1;99;0;0.3
2022-10-31-06-10;9;99;0;0.5
2022-10-31-06-20;9;99;0;0.7
2022-10-31-06-30;8.9;99;0;0.8
2022-10-31-06-40;8.9;99;0;0.5
2022-10-31-06-50;8.9;99;0;0.4
2022-10-31-07-00;8.9;99;0;0.4
2022-10-31-07-10;8.9;99;0;0.4
2022-10-31-07-20;8.9;99;0;0.3
2022-10-31-07-30;8.9;99;0;0.4
2022-10-31-07-40;9;99;0;0.4
2022-10-31-07-50;9.1;99;0;0.4
2022-10-31-08-00;9.2;99;0;0.4
2022-10-31-08-10;9.3;99;0;0.5
2022-10-31-08-20;9.4;99;0;0.4
2022-10-31-08-30;9.5;99;0;0.3
2022-10-31-08-40;9.7;99;0;0.6
2022-10-31-08-50;9.9;99;0;0.8
2022-10-31-09-00;9.9;99;0;0.8
2022-10-31-09-10;10;99;0;0.6
2022-10-31-09-20;10;99;0;0.5
2022-10-31-09-30;10.2;99;0;0.4
2022-10-31-09-40;10.5;99;0;0.6
2022-10-31-09-50;10.6;99;0;0.4
2022-10-31-10-00;11.1;99;0;0.4
2022-10-31-10-10;11.8;98;0;0.6
2022-10-31-10-20;12.2;95;0;0.9
2022-10-31-10-30;12.8;91;0;0.8
2022-10-31-10-40;13.7;86;0;0.9
2022-10-31-10-50;14.6;77;0;0.7
2022-10-31-11-00;15.4;72;0;0.8
2022-10-31-11-10;16.3;66;0;0.6
2022-10-31-11-20;17.1;66;0;0.7
2022-10-31-11-30;17.1;66;0;0.7
2022-10-31-11-40;17.1;66;0;0.6
2022-10-31-11-50;17.4;66;0;0.7
2022-10-31-12-00;18.1;63;0;0.8
2022-10-31-12-10;18.1;63;0;0.8
2022-10-31-12-20;18.6;62;0;0.8
2022-10-31-12-30;19.3;59;0;0.7
2022-10-31-12-40;19.3;60;0;1.1
2022-10-31-12-50;19.8;58;0;0.9
2022-10-31-13-00;20;57;0;1.1
2022-10-31-13-10;20.1;58;0;1
2022-10-31-13-20;20.4;56;0;0.9
2022-10-31-13-30;20.6;54;0;0.8
2022-10-31-13-40;21.1;52;0;0.8
2022-10-31-13-50;21.1;51;0;0.6
2022-10-31-14-00;21.5;51;0;0.8
2022-10-31-14-10;22;49;0;0.7
2022-10-31-14-20;21.7;50;0;0.8
2022-10-31-14-30;21.9;50;0;0.8
2022-10-31-14-40;22;50;0;0.6
2022-10-31-14-50;22.1;50;0;0.8
2022-10-31-15-00;22.4;50;0;0.5
2022-10-31-15-10;22.9;49;0;0.5
2022-10-31-15-20;23;51;0;0.5
2022-10-31-15-30;22.8;50;0;0.5
2022-10-31-15-40;22.3;52;0;0.6
2022-10-31-15-50;21.8;54;0;0.8
2022-10-31-16-00;21.2;56;0;0.5
2022-10-31-16-10;20.6;58;0;0.7
2022-10-31-16-20;19.8;63;0;0.5
2022-10-31-16-30;19.1;65;0;0.4
2022-10-31-16-40;18.3;69;0;0.3
2022-10-31-16-50;17.7;72;0;0.7
2022-10-31-17-00;17.1;74;0;0.7
2022-10-31-17-10;16.5;77;0;0.8
2022-10-31-17-20;16;79;0;0.8
2022-10-31-17-30;15.6;81;0;0.6
2022-10-31-17-40;15.1;84;0;1
2022-10-31-17-50;14.8;85;0;0.9
2022-10-31-18-00;14.5;86;0;0.4
2022-10-31-18-10;14.1;88;0;0.4
2022-10-31-18-20;14;89;0;0.8
2022-10-31-18-30;13.8;90;0;0.7
2022-10-31-18-40;13.6;91;0;0.7
2022-10-31-18-50;13.4;92;0;1.1
2022-10-31-19-00;13.2;92;0;0.9
2022-10-31-19-10;13;92;0;0.7
2022-10-31-19-20;12.9;93;0;1
2022-10-31-19-30;12.8;93;0;0.8
2022-10-31-19-40;12.6;94;0;0.4
2022-10-31-19-50;12.5;94;0;0.7
2022-10-31-20-00;12.4;94;0;0.6
2022-10-31-20-10;12.2;94;0;0.4
2022-10-31-20-20;12.1;95;0;0.5
2022-10-31-20-30;12;95;0;0.6
2022-10-31-20-40;11.9;95;0;1
2022-10-31-20-50;11.8;95;0;1.1
2022-10-31-21-00;11.8;95;0;1.1
2022-10-31-21-10;11.7;95;0;0.8
2022-10-31-21-20;11.5;95;0;0.5
2022-10-31-21-30;11.3;95;0;0.5
2022-10-31-21-40;11.4;95;0;0.5
2022-10-31-21-50;11.4;95;0;0.8
2022-10-31-22-00;11.2;95;0;0.4
2022-10-31-22-10;11;96;0;0.4
2022-10-31-22-20;10.9;96;0;0.7
2022-10-31-22-30;10.8;96;0;0.7
2022-10-31-22-40;10.8;96;0;0.5
2022-10-31-22-50;10.7;96;0;0.6
2022-10-31-23-00;10.4;96;0;0.3
2022-10-31-23-10;10.3;96;0;0.4
2022-10-31-23-20;10.2;96;0;0.5
2022-10-31-23-30;10.1;96;0;0.5
2022-10-31-23-40;10;96;0;0.7
2022-10-31-23-50;10;96;0;0.6
